{"level":"info","ts":1791005306.1004212,"caller":"server/main.go:162","msg":"Сервер запущен","addr":"localhost:8080"}
{"level":"info","ts":1791005306.5962849,"caller":"logger/logger.go:23","msg":"request data","uri":"/value/gauge/temperature","method":"GET","time":0.000173292,"statusCode":200,"bytes":28,"Content-Encoding":[]}
{"level":"info","ts":1791005306.5977201,"caller":"logger/logger.go:23","msg":"request data","uri":"/value/gauge/temperature","method":"GET","time":0.000883583,"statusCode":200,"bytes":28,"Content-Encoding":[]}
{"level":"info","ts":1791005306.5982232,"caller":"logger/logger.go:23","msg":"request data","uri":"/value/gauge/temperature","method":"GET","time":0.000489625,"statusCode":200,"bytes":28,"Content-Encoding":[]}
{"level":"info","ts":1791005306.59858,"caller":"logger/logger.go:23","msg":"request data","uri":"/value/gauge/temperature","method":"GET","time":0.000966291,"statusCode":200,"bytes":28,"Content-Encoding":[]}
{"level":"info","ts":1791005306.598665,"caller":"logger/logger.go:23","msg":"request data","uri":"/value/gauge/temperature","method":"GET","time":0.000062959,"statusCode":200,"bytes":28,"Content-Encoding":[]}
{"level":"info","ts":1791005306.598751,"caller":"logger/logger.go:23","msg":"request data","uri":"/","method":"GET","time":0.000343667,"statusCode":200,"bytes":652,"Content-Encoding":[]}
{"level":"info","ts":1791005306.598776,"caller":"logger/logger.go:23","msg":"request data","uri":"/","method":"GET","time":0.00096825,"statusCode":200,"bytes":652,"Content-Encoding":[]}
{"level":"info","ts":1791005306.598777,"caller":"logger/logger.go:23","msg":"request data","uri":"/","method":"GET","time":0.000184125,"statusCode":200,"bytes":652,"Content-Encoding":[]}
{"level":"info","ts":1791005306.5988312,"caller":"logger/logger.go:23","msg":"request data","uri":"/value/gauge/temperature","method":"GET","time":0.000027084,"statusCode":200,"bytes":28,"Content-Encoding":[]}
{"level":"info","ts":1791005306.59893,"caller":"logger/logger.go:23","msg":"request data","uri":"/","method":"GET","time":0.000518917,"statusCode":200,"bytes":652,"Content-Encoding":[]}
{"level":"info","ts":1791005306.599203,"caller":"logger/logger.go:23","msg":"request data","uri":"/","method":"GET","time":0.001432958,"statusCode":200,"bytes":652,"Content-Encoding":[]}
{"level":"info","ts":1791005306.59934,"caller":"logger/logger.go:23","msg":"request data","uri":"/","method":"GET","time":0.000684625,"statusCode":200,"bytes":652,"Content-Encoding":[]}
{"level":"info","ts":1791005306.599475,"caller":"logger/logger.go:23","msg":"request data","uri":"/value/","method":"POST","time":0.000673375,"statusCode":200,"bytes":70,"Content-Encoding":[]}
{"level":"info","ts":1791005306.599621,"caller":"logger/logger.go:23","msg":"request data","uri":"/value/","method":"POST","time":0.000168625,"statusCode":200,"bytes":70,"Content-Encoding":[]}
{"level":"info","ts":1791005306.600255,"caller":"logger/logger.go:23","msg":"request data","uri":"/value/","method":"POST","time":0.000093208,"statusCode":200,"bytes":70,"Content-Encoding":[]}
{"level":"info","ts":1791005306.600385,"caller":"logger/logger.go:23","msg":"request data","uri":"/value/gauge/temperature","method":"GET","time":0.000024792,"statusCode":200,"bytes":28,"Content-Encoding":[]}
{"level":"info","ts":1791005306.6005042,"caller":"logger/logger.go:23","msg":"request data","uri":"/","method":"GET","time":0.000093959,"statusCode":200,"bytes":652,"Content-Encoding":[]}
{"level":"info","ts":1791005306.600516,"caller":"logger/logger.go:23","msg":"request data","uri":"/","method":"GET","time":0.000112208,"statusCode":200,"bytes":652,"Content-Encoding":[]}
{"level":"info","ts":1791005306.6005251,"caller":"logger/logger.go:23","msg":"request data","uri":"/value/","method":"POST","time":0.000076959,"statusCode":200,"bytes":70,"Content-Encoding":[]}
{"level":"info","ts":1791005306.6006012,"caller":"logger/logger.go:23","msg":"request data","uri":"/value/gauge/temperature","method":"GET","time":0.001431458,"statusCode":200,"bytes":28,"Content-Encoding":[]}
{"level":"info","ts":1791005306.600644,"caller":"logger/logger.go:23","msg":"request data","uri":"/","method":"GET","time":0.0001155,"statusCode":200,"bytes":652,"Content-Encoding":[]}
{"level":"info","ts":1791005306.600728,"caller":"logger/logger.go:23","msg":"request data","uri":"/update","method":"POST","time":0.000031709,"statusCode":200,"bytes":23,"Content-Encoding":[]}
{"level":"info","ts":1791005306.600777,"caller":"logger/logger.go:23","msg":"request data","uri":"/update","method":"POST","time":0.000021416,"statusCode":200,"bytes":23,"Content-Encoding":[]}
{"level":"info","ts":1791005306.600791,"caller":"logger/logger.go:23","msg":"request data","uri":"/","method":"GET","time":0.000172417,"statusCode":200,"bytes":652,"Content-Encoding":[]}
{"level":"info","ts":1791005306.600822,"caller":"logger/logger.go:23","msg":"request data","uri":"/","method":"GET","time":0.001646834,"statusCode":200,"bytes":652,"Content-Encoding":[]}
{"level":"info","ts":1791005306.600842,"caller":"logger/logger.go:23","msg":"request data","uri":"/value/","method":"POST","time":0.000030917,"statusCode":200,"bytes":70,"Content-Encoding":[]}
{"level":"info","ts":1791005306.6008801,"caller":"logger/logger.go:23","msg":"request data","uri":"/value/","method":"POST","time":0.000022625,"statusCode":200,"bytes":70,"Content-Encoding":[]}
{"level":"info","ts":1791005306.600915,"caller":"logger/logger.go:23","msg":"request data","uri":"/value/gauge/temperature","method":"GET","time":0.000019458,"statusCode":200,"bytes":28,"Content-Encoding":[]}
{"level":"info","ts":1791005306.60093,"caller":"logger/logger.go:23","msg":"request data","uri":"/","method":"GET","time":0.000237833,"statusCode":200,"bytes":652,"Content-Encoding":[]}
{"level":"info","ts":1791005306.600936,"caller":"logger/logger.go:23","msg":"request data","uri":"/value/gauge/temperature","method":"GET","time":0.001721208,"statusCode":200,"bytes":28,"Content-Encoding":[]}
{"level":"info","ts":1791005306.600964,"caller":"logger/logger.go:23","msg":"request data","uri":"/update","method":"POST","time":0.000027209,"statusCode":200,"bytes":23,"Content-Encoding":[]}
{"level":"info","ts":1791005306.601006,"caller":"logger/logger.go:23","msg":"request data","uri":"/","method":"GET","time":0.00015625,"statusCode":200,"bytes":652,"Content-Encoding":[]}
{"level":"info","ts":1791005306.601009,"caller":"logger/logger.go:23","msg":"request data","uri":"/","method":"GET","time":0.001797292,"statusCode":200,"bytes":652,"Content-Encoding":[]}
{"level":"info","ts":1791005306.601554,"caller":"logger/logger.go:23","msg":"request data","uri":"/value/","method":"POST","time":0.000132125,"statusCode":200,"bytes":70,"Content-Encoding":[]}
{"level":"info","ts":1791005306.601562,"caller":"logger/logger.go:23","msg":"request data","uri":"/value/gauge/temperature","method":"GET","time":0.000132416,"statusCode":200,"bytes":28,"Content-Encoding":[]}
{"level":"info","ts":1791005306.6016471,"caller":"logger/logger.go:23","msg":"request data","uri":"/","method":"GET","time":0.000607917,"statusCode":200,"bytes":652,"Content-Encoding":[]}
{"level":"info","ts":1791005306.602746,"caller":"logger/logger.go:23","msg":"request data","uri":"/","method":"GET","time":0.001103,"statusCode":200,"bytes":652,"Content-Encoding":[]}
{"level":"info","ts":1791005306.602782,"caller":"logger/logger.go:23","msg":"request data","uri":"/","method":"GET","time":0.000956958,"statusCode":200,"bytes":652,"Content-Encoding":[]}
{"level":"info","ts":1791005306.602852,"caller":"logger/logger.go:23","msg":"request data","uri":"/","method":"GET","time":0.001155834,"statusCode":200,"bytes":652,"Content-Encoding":[]}
{"level":"info","ts":1791005306.60289,"caller":"logger/logger.go:23","msg":"request data","uri":"/","method":"GET","time":0.00008025,"statusCode":200,"bytes":652,"Content-Encoding":[]}
{"level":"info","ts":1791005306.6029,"caller":"logger/logger.go:23","msg":"request data","uri":"/","method":"GET","time":0.000094334,"statusCode":200,"bytes":652,"Content-Encoding":[]}
{"level":"info","ts":1791005306.602912,"caller":"logger/logger.go:23","msg":"request data","uri":"/value/gauge/temperature","method":"GET","time":0.001375417,"statusCode":200,"bytes":28,"Content-Encoding":[]}
{"level":"info","ts":1791005306.602923,"caller":"logger/logger.go:23","msg":"request data","uri":"/","method":"GET","time":0.000184459,"statusCode":200,"bytes":652,"Content-Encoding":[]}
{"level":"info","ts":1791005306.6029189,"caller":"logger/logger.go:23","msg":"request data","uri":"/value/gauge/temperature","method":"GET","time":0.000139458,"statusCode":200,"bytes":28,"Content-Encoding":[]}
{"level":"info","ts":1791005306.602944,"caller":"logger/logger.go:23","msg":"request data","uri":"/value/","method":"POST","time":0.000033417,"statusCode":200,"bytes":70,"Content-Encoding":[]}
{"level":"info","ts":1791005306.602953,"caller":"logger/logger.go:23","msg":"request data","uri":"/ping","method":"GET","time":0.005155667,"statusCode":200,"bytes":23,"Content-Encoding":[]}
{"level":"info","ts":1791005306.602984,"caller":"logger/logger.go:23","msg":"request data","uri":"/","method":"GET","time":0.000208417,"statusCode":200,"bytes":652,"Content-Encoding":[]}
{"level":"info","ts":1791005306.602997,"caller":"logger/logger.go:23","msg":"request data","uri":"/value/gauge/temperature","method":"GET","time":0.002333292,"statusCode":200,"bytes":28,"Content-Encoding":[]}
{"level":"info","ts":1791005306.6030421,"caller":"logger/logger.go:23","msg":"request data","uri":"/update","method":"POST","time":0.000024625,"statusCode":200,"bytes":23,"Content-Encoding":[]}
{"level":"info","ts":1791005306.6030478,"caller":"logger/logger.go:23","msg":"request data","uri":"/update","method":"POST","time":0.000027125,"statusCode":200,"bytes":23,"Content-Encoding":[]}
{"level":"info","ts":1791005306.603096,"caller":"logger/logger.go:23","msg":"request data","uri":"/value/","method":"POST","time":0.000031791,"statusCode":200,"bytes":70,"Content-Encoding":[]}
{"level":"info","ts":1791005306.6031291,"caller":"logger/logger.go:23","msg":"request data","uri":"/value/gauge/temperature","method":"GET","time":0.000023833,"statusCode":200,"bytes":28,"Content-Encoding":[]}
{"level":"info","ts":1791005306.603144,"caller":"logger/logger.go:23","msg":"request data","uri":"/","method":"GET","time":0.000083417,"statusCode":200,"bytes":652,"Content-Encoding":[]}
{"level":"info","ts":1791005306.6031601,"caller":"logger/logger.go:23","msg":"request data","uri":"/","method":"GET","time":0.000126875,"statusCode":200,"bytes":652,"Content-Encoding":[]}
{"level":"info","ts":1791005306.603206,"caller":"logger/logger.go:23","msg":"request data","uri":"/","method":"GET","time":0.00008275,"statusCode":200,"bytes":652,"Content-Encoding":[]}
{"level":"info","ts":1791005306.603227,"caller":"logger/logger.go:23","msg":"request data","uri":"/value/","method":"POST","time":0.000927084,"statusCode":200,"bytes":70,"Content-Encoding":[]}
{"level":"info","ts":1791005306.603233,"caller":"logger/logger.go:23","msg":"request data","uri":"/","method":"GET","time":0.00007025,"statusCode":200,"bytes":652,"Content-Encoding":[]}
{"level":"info","ts":1791005306.603262,"caller":"logger/logger.go:23","msg":"request data","uri":"/","method":"GET","time":0.000079708,"statusCode":200,"bytes":652,"Content-Encoding":[]}
{"level":"info","ts":1791005306.603264,"caller":"logger/logger.go:23","msg":"request data","uri":"/","method":"GET","time":0.000092959,"statusCode":200,"bytes":652,"Content-Encoding":[]}
{"level":"info","ts":1791005306.6032782,"caller":"logger/logger.go:23","msg":"request data","uri":"/value/gauge/temperature","method":"GET","time":0.000020542,"statusCode":200,"bytes":28,"Content-Encoding":[]}
{"level":"info","ts":1791005306.603297,"caller":"logger/logger.go:23","msg":"request data","uri":"/","method":"GET","time":0.000073667,"statusCode":200,"bytes":652,"Content-Encoding":[]}
{"level":"info","ts":1791005306.6032991,"caller":"logger/logger.go:23","msg":"request data","uri":"/value/gauge/temperature","method":"GET","time":0.000020333,"statusCode":200,"bytes":28,"Content-Encoding":[]}
{"level":"info","ts":1791005306.603347,"caller":"logger/logger.go:23","msg":"request data","uri":"/","method":"GET","time":0.000069208,"statusCode":200,"bytes":652,"Content-Encoding":[]}
{"level":"info","ts":1791005306.603364,"caller":"logger/logger.go:23","msg":"request data","uri":"/","method":"GET","time":0.000068375,"statusCode":200,"bytes":652,"Content-Encoding":[]}
{"level":"info","ts":1791005306.6033769,"caller":"logger/logger.go:23","msg":"request data","uri":"/update","method":"POST","time":0.000121,"statusCode":200,"bytes":23,"Content-Encoding":[]}
{"level":"info","ts":1791005306.6033878,"caller":"logger/logger.go:23","msg":"request data","uri":"/value/","method":"POST","time":0.000056625,"statusCode":200,"bytes":70,"Content-Encoding":[]}
{"level":"info","ts":1791005306.603391,"caller":"logger/logger.go:23","msg":"request data","uri":"/value/gauge/temperature","method":"GET","time":0.000076583,"statusCode":200,"bytes":28,"Content-Encoding":[]}
{"level":"info","ts":1791005306.6034298,"caller":"logger/logger.go:23","msg":"request data","uri":"/update","method":"POST","time":0.000022208,"statusCode":200,"bytes":23,"Content-Encoding":[]}
{"level":"info","ts":1791005306.603447,"caller":"logger/logger.go:23","msg":"request data","uri":"/","method":"GET","time":0.000491875,"statusCode":200,"bytes":652,"Content-Encoding":[]}
{"level":"info","ts":1791005306.6034791,"caller":"logger/logger.go:23","msg":"request data","uri":"/value/","method":"POST","time":0.000022,"statusCode":200,"bytes":70,"Content-Encoding":[]}
{"level":"info","ts":1791005306.60351,"caller":"logger/logger.go:23","msg":"request data","uri":"/","method":"GET","time":0.000083084,"statusCode":200,"bytes":652,"Content-Encoding":[]}
{"level":"info","ts":1791005306.603522,"caller":"logger/logger.go:23","msg":"request data","uri":"/value/","method":"POST","time":0.000023334,"statusCode":200,"bytes":70,"Content-Encoding":[]}
{"level":"info","ts":1791005306.6035619,"caller":"logger/logger.go:23","msg":"request data","uri":"/value/gauge/temperature","method":"GET","time":0.000025208,"statusCode":200,"bytes":28,"Content-Encoding":[]}
{"level":"info","ts":1791005306.60357,"caller":"logger/logger.go:23","msg":"request data","uri":"/value/","method":"POST","time":0.000033375,"statusCode":200,"bytes":70,"Content-Encoding":[]}
{"level":"info","ts":1791005306.603633,"caller":"logger/logger.go:23","msg":"request data","uri":"/update","method":"POST","time":0.0000365,"statusCode":200,"bytes":23,"Content-Encoding":[]}
{"level":"info","ts":1791005306.603828,"caller":"logger/logger.go:23","msg":"request data","uri":"/","method":"GET","time":0.000080417,"statusCode":200,"bytes":652,"Content-Encoding":[]}
{"level":"info","ts":1791005306.603858,"caller":"logger/logger.go:23","msg":"request data","uri":"/value/gauge/temperature","method":"GET","time":0.000030667,"statusCode":200,"bytes":28,"Content-Encoding":[]}
{"level":"info","ts":1791005306.60386,"caller":"logger/logger.go:23","msg":"request data","uri":"/update","method":"POST","time":0.00003625,"statusCode":200,"bytes":23,"Content-Encoding":[]}
{"level":"info","ts":1791005306.60387,"caller":"logger/logger.go:23","msg":"request data","uri":"/value/gauge/temperature","method":"GET","time":0.000023125,"statusCode":200,"bytes":28,"Content-Encoding":[]}
{"level":"info","ts":1791005306.603893,"caller":"logger/logger.go:23","msg":"request data","uri":"/value/gauge/temperature","method":"GET","time":0.000029167,"statusCode":200,"bytes":28,"Content-Encoding":[]}
{"level":"info","ts":1791005306.6038988,"caller":"logger/logger.go:23","msg":"request data","uri":"/","method":"GET","time":0.000081292,"statusCode":200,"bytes":652,"Content-Encoding":[]}
{"level":"info","ts":1791005306.6039062,"caller":"logger/logger.go:23","msg":"request data","uri":"/","method":"GET","time":0.000087917,"statusCode":200,"bytes":652,"Content-Encoding":[]}
{"level":"info","ts":1791005306.603931,"caller":"logger/logger.go:23","msg":"request data","uri":"/","method":"GET","time":0.0000985,"statusCode":200,"bytes":652,"Content-Encoding":[]}
{"level":"info","ts":1791005306.603979,"caller":"logger/logger.go:23","msg":"request data","uri":"/","method":"GET","time":0.000096625,"statusCode":200,"bytes":652,"Content-Encoding":[]}
{"level":"info","ts":1791005306.6039932,"caller":"logger/logger.go:23","msg":"request data","uri":"/update","method":"POST","time":0.000104708,"statusCode":200,"bytes":23,"Content-Encoding":[]}
{"level":"info","ts":1791005306.604088,"caller":"logger/logger.go:23","msg":"request data","uri":"/value/","method":"POST","time":0.000132625,"statusCode":200,"bytes":70,"Content-Encoding":[]}
{"level":"info","ts":1791005306.605071,"caller":"logger/logger.go:23","msg":"request data","uri":"/value/","method":"POST","time":0.001094334,"statusCode":200,"bytes":70,"Content-Encoding":[]}
{"level":"info","ts":1791005306.605172,"caller":"logger/logger.go:23","msg":"request data","uri":"/value/gauge/temperature","method":"GET","time":0.001174083,"statusCode":200,"bytes":28,"Content-Encoding":[]}
{"level":"info","ts":1791005306.6047292,"caller":"logger/logger.go:23","msg":"request data","uri":"/ping","method":"GET","time":0.000684625,"statusCode":200,"bytes":23,"Content-Encoding":[]}
{"level":"info","ts":1791005306.605241,"caller":"logger/logger.go:23","msg":"request data","uri":"/","method":"GET","time":0.0012615,"statusCode":200,"bytes":652,"Content-Encoding":[]}
{"level":"info","ts":1791005306.60524,"caller":"logger/logger.go:23","msg":"request data","uri":"/value/","method":"POST","time":0.001268458,"statusCode":200,"bytes":70,"Content-Encoding":[]}
{"level":"info","ts":1791005306.605265,"caller":"logger/logger.go:23","msg":"request data","uri":"/update","method":"POST","time":0.001382333,"statusCode":200,"bytes":23,"Content-Encoding":[]}
{"level":"info","ts":1791005306.6052742,"caller":"logger/logger.go:23","msg":"request data","uri":"/","method":"GET","time":0.001272625,"statusCode":200,"bytes":652,"Content-Encoding":[]}
{"level":"info","ts":1791005306.60531,"caller":"logger/logger.go:23","msg":"request data","uri":"/","method":"GET","time":0.001362875,"statusCode":200,"bytes":652,"Content-Encoding":[]}
{"level":"info","ts":1791005306.605336,"caller":"logger/logger.go:23","msg":"request data","uri":"/value/","method":"POST","time":0.001368583,"statusCode":200,"bytes":70,"Content-Encoding":[]}
{"level":"info","ts":1791005306.604827,"caller":"logger/logger.go:23","msg":"request data","uri":"/value/gauge/temperature","method":"GET","time":0.000804042,"statusCode":200,"bytes":28,"Content-Encoding":[]}
{"level":"info","ts":1791005306.605365,"caller":"logger/logger.go:23","msg":"request data","uri":"/value/gauge/temperature","method":"GET","time":0.000178458,"statusCode":200,"bytes":28,"Content-Encoding":[]}
{"level":"info","ts":1791005306.605388,"caller":"logger/logger.go:23","msg":"request data","uri":"/","method":"GET","time":0.000182375,"statusCode":200,"bytes":652,"Content-Encoding":[]}
{"level":"info","ts":1791005306.605392,"caller":"logger/logger.go:23","msg":"request data","uri":"/value/","method":"POST","time":0.000351083,"statusCode":200,"bytes":70,"Content-Encoding":[]}
{"level":"info","ts":1791005306.6054459,"caller":"logger/logger.go:23","msg":"request data","uri":"/value/","method":"POST","time":0.000032625,"statusCode":200,"bytes":70,"Content-Encoding":[]}
{"level":"info","ts":1791005306.612619,"caller":"logger/logger.go:23","msg":"request data","uri":"/ping","method":"GET","time":0.000619708,"statusCode":200,"bytes":23,"Content-Encoding":[]}
{"level":"info","ts":1791005306.642999,"caller":"logger/logger.go:23","msg":"request data","uri":"/ping","method":"GET","time":0.000274375,"statusCode":200,"bytes":23,"Content-Encoding":[]}
{"level":"info","ts":1791005306.651701,"caller":"logger/logger.go:23","msg":"request data","uri":"/ping","method":"GET","time":0.00046275,"statusCode":200,"bytes":23,"Content-Encoding":[]}
{"level":"info","ts":1791005306.65965,"caller":"logger/logger.go:23","msg":"request data","uri":"/ping","method":"GET","time":0.001160834,"statusCode":200,"bytes":23,"Content-Encoding":[]}
{"level":"info","ts":1791005306.666328,"caller":"logger/logger.go:23","msg":"request data","uri":"/ping","method":"GET","time":0.000100541,"statusCode":200,"bytes":23,"Content-Encoding":[]}
{"level":"info","ts":1791005306.673398,"caller":"logger/logger.go:23","msg":"request data","uri":"/value/","method":"POST","time":0.058928833,"statusCode":200,"bytes":70,"Content-Encoding":[]}
{"level":"info","ts":1791005306.675819,"caller":"logger/logger.go:23","msg":"request data","uri":"/update/gauge/load_update_url_gauge/25.5","method":"POST","time":0.064368584,"statusCode":200,"bytes":23,"Content-Encoding":[]}
{"level":"info","ts":1791005306.6841888,"caller":"logger/logger.go:23","msg":"request data","uri":"/ping","method":"GET","time":0.000901708,"statusCode":200,"bytes":23,"Content-Encoding":[]}
{"level":"info","ts":1791005306.690233,"caller":"logger/logger.go:23","msg":"request data","uri":"/ping","method":"GET","time":0.00051,"statusCode":200,"bytes":23,"Content-Encoding":[]}
{"level":"info","ts":1791005306.6965492,"caller":"logger/logger.go:23","msg":"request data","uri":"/ping","method":"GET","time":0.000642083,"statusCode":200,"bytes":23,"Content-Encoding":[]}
{"level":"info","ts":1791005306.699237,"caller":"logger/logger.go:23","msg":"request data","uri":"/update/gauge/load_update_url_gauge/25.5","method":"POST","time":0.019802334,"statusCode":200,"bytes":23,"Content-Encoding":[]}
{"level":"info","ts":1791005306.70674,"caller":"logger/logger.go:23","msg":"request data","uri":"/ping","method":"GET","time":0.000858584,"statusCode":200,"bytes":23,"Content-Encoding":[]}
{"level":"info","ts":1791005306.712644,"caller":"logger/logger.go:23","msg":"request data","uri":"/ping","method":"GET","time":0.000082291,"statusCode":200,"bytes":23,"Content-Encoding":[]}
{"level":"info","ts":1791005306.71622,"caller":"logger/logger.go:23","msg":"request data","uri":"/","method":"GET","time":0.013688041,"statusCode":200,"bytes":653,"Content-Encoding":[]}
{"level":"info","ts":1791005306.720597,"caller":"logger/logger.go:23","msg":"request data","uri":"/ping","method":"GET","time":0.000568875,"statusCode":200,"bytes":23,"Content-Encoding":[]}
{"level":"info","ts":1791005306.726934,"caller":"logger/logger.go:23","msg":"request data","uri":"/ping","method":"GET","time":0.000610792,"statusCode":200,"bytes":23,"Content-Encoding":[]}
{"level":"info","ts":1791005306.731776,"caller":"logger/logger.go:23","msg":"request data","uri":"/","method":"GET","time":0.015054834,"statusCode":200,"bytes":653,"Content-Encoding":[]}
{"level":"info","ts":1791005306.732638,"caller":"logger/logger.go:23","msg":"request data","uri":"/update","method":"POST","time":0.014067917,"statusCode":200,"bytes":23,"Content-Encoding":[]}
{"level":"info","ts":1791005306.7398431,"caller":"logger/logger.go:23","msg":"request data","uri":"/ping","method":"GET","time":0.000109709,"statusCode":200,"bytes":23,"Content-Encoding":[]}
{"level":"info","ts":1791005306.7465322,"caller":"logger/logger.go:23","msg":"request data","uri":"/ping","method":"GET","time":0.0000935,"statusCode":200,"bytes":23,"Content-Encoding":[]}
{"level":"info","ts":1791005306.748289,"caller":"logger/logger.go:23","msg":"request data","uri":"/value/","method":"POST","time":0.000047167,"statusCode":200,"bytes":70,"Content-Encoding":[]}
{"level":"info","ts":1791005306.753377,"caller":"logger/logger.go:23","msg":"request data","uri":"/ping","method":"GET","time":0.000286875,"statusCode":200,"bytes":23,"Content-Encoding":[]}
{"level":"info","ts":1791005306.754813,"caller":"logger/logger.go:23","msg":"request data","uri":"/update/gauge/load_update_url_gauge/25.5","method":"POST","time":0.004397458,"statusCode":200,"bytes":23,"Content-Encoding":[]}
{"level":"info","ts":1791005306.7619681,"caller":"logger/logger.go:23","msg":"request data","uri":"/ping","method":"GET","time":0.000497791,"statusCode":200,"bytes":23,"Content-Encoding":[]}
{"level":"info","ts":1791005306.765957,"caller":"logger/logger.go:23","msg":"request data","uri":"/ping","method":"GET","time":0.001341208,"statusCode":200,"bytes":23,"Content-Encoding":[]}
{"level":"info","ts":1791005306.769817,"caller":"logger/logger.go:23","msg":"request data","uri":"/","method":"GET","time":0.004927375,"statusCode":200,"bytes":652,"Content-Encoding":[]}
{"level":"info","ts":1791005306.776077,"caller":"logger/logger.go:23","msg":"request data","uri":"/ping","method":"GET","time":0.000151791,"statusCode":200,"bytes":23,"Content-Encoding":[]}
{"level":"info","ts":1791005306.779243,"caller":"logger/logger.go:23","msg":"request data","uri":"/ping","method":"GET","time":0.000543,"statusCode":200,"bytes":23,"Content-Encoding":[]}
{"level":"info","ts":1791005306.783933,"caller":"logger/logger.go:23","msg":"request data","uri":"/updates/","method":"POST","time":0.169666375,"statusCode":200,"bytes":23,"Content-Encoding":[]}
{"level":"info","ts":1791005306.78702,"caller":"logger/logger.go:23","msg":"request data","uri":"/ping","method":"GET","time":0.000733208,"statusCode":200,"bytes":23,"Content-Encoding":[]}
{"level":"info","ts":1791005306.795043,"caller":"logger/logger.go:23","msg":"request data","uri":"/ping","method":"GET","time":0.001235792,"statusCode":200,"bytes":23,"Content-Encoding":[]}
{"level":"info","ts":1791005306.797646,"caller":"logger/logger.go:23","msg":"request data","uri":"/value/gauge/temperature","method":"GET","time":0.011776458,"statusCode":200,"bytes":28,"Content-Encoding":[]}
{"level":"info","ts":1791005306.8030038,"caller":"logger/logger.go:23","msg":"request data","uri":"/updates/","method":"POST","time":0.188155833,"statusCode":200,"bytes":23,"Content-Encoding":[]}
{"level":"info","ts":1791005306.80927,"caller":"logger/logger.go:23","msg":"request data","uri":"/ping","method":"GET","time":0.000168834,"statusCode":200,"bytes":23,"Content-Encoding":[]}
{"level":"info","ts":1791005306.813379,"caller":"logger/logger.go:23","msg":"request data","uri":"/ping","method":"GET","time":0.000454583,"statusCode":200,"bytes":23,"Content-Encoding":[]}
{"level":"info","ts":1791005306.817237,"caller":"logger/logger.go:23","msg":"request data","uri":"/","method":"GET","time":0.005738666,"statusCode":200,"bytes":651,"Content-Encoding":[]}
{"level":"info","ts":1791005306.8233888,"caller":"logger/logger.go:23","msg":"request data","uri":"/ping","method":"GET","time":0.000438834,"statusCode":200,"bytes":23,"Content-Encoding":[]}
{"level":"info","ts":1791005306.8282251,"caller":"logger/logger.go:23","msg":"request data","uri":"/ping","method":"GET","time":0.000526291,"statusCode":200,"bytes":23,"Content-Encoding":[]}
{"level":"info","ts":1791005306.8346071,"caller":"logger/logger.go:23","msg":"request data","uri":"/ping","method":"GET","time":0.000660792,"statusCode":200,"bytes":23,"Content-Encoding":[]}
{"level":"info","ts":1791005306.83593,"caller":"logger/logger.go:23","msg":"request data","uri":"/update/gauge/load_update_url_gauge/25.5","method":"POST","time":0.037045875,"statusCode":200,"bytes":23,"Content-Encoding":[]}
{"level":"info","ts":1791005306.842178,"caller":"logger/logger.go:23","msg":"request data","uri":"/ping","method":"GET","time":0.001457416,"statusCode":200,"bytes":23,"Content-Encoding":[]}
{"level":"info","ts":1791005306.847619,"caller":"logger/logger.go:23","msg":"request data","uri":"/ping","method":"GET","time":0.00020475,"statusCode":200,"bytes":23,"Content-Encoding":[]}
{"level":"info","ts":1791005306.85287,"caller":"logger/logger.go:23","msg":"request data","uri":"/ping","method":"GET","time":0.000955167,"statusCode":200,"bytes":23,"Content-Encoding":[]}
{"level":"info","ts":1791005306.858728,"caller":"logger/logger.go:23","msg":"request data","uri":"/ping","method":"GET","time":0.000724417,"statusCode":200,"bytes":23,"Content-Encoding":[]}
{"level":"info","ts":1791005306.864681,"caller":"logger/logger.go:23","msg":"request data","uri":"/ping","method":"GET","time":0.000534584,"statusCode":200,"bytes":23,"Content-Encoding":[]}
{"level":"info","ts":1791005306.8718321,"caller":"logger/logger.go:23","msg":"request data","uri":"/ping","method":"GET","time":0.000967875,"statusCode":200,"bytes":23,"Content-Encoding":[]}
{"level":"info","ts":1791005306.876687,"caller":"logger/logger.go:23","msg":"request data","uri":"/value/gauge/temperature","method":"GET","time":0.027298167,"statusCode":200,"bytes":28,"Content-Encoding":[]}
{"level":"info","ts":1791005306.877671,"caller":"logger/logger.go:23","msg":"request data","uri":"/update","method":"POST","time":0.039489,"statusCode":200,"bytes":23,"Content-Encoding":[]}
{"level":"info","ts":1791005306.884827,"caller":"logger/logger.go:23","msg":"request data","uri":"/ping","method":"GET","time":0.000273417,"statusCode":200,"bytes":23,"Content-Encoding":[]}
{"level":"info","ts":1791005306.89082,"caller":"logger/logger.go:23","msg":"request data","uri":"/ping","method":"GET","time":0.000615375,"statusCode":200,"bytes":23,"Content-Encoding":[]}
{"level":"info","ts":1791005306.894745,"caller":"logger/logger.go:23","msg":"request data","uri":"/ping","method":"GET","time":0.000611875,"statusCode":200,"bytes":23,"Content-Encoding":[]}
{"level":"info","ts":1791005306.900592,"caller":"logger/logger.go:23","msg":"request data","uri":"/ping","method":"GET","time":0.000484042,"statusCode":200,"bytes":23,"Content-Encoding":[]}
{"level":"info","ts":1791005306.906453,"caller":"logger/logger.go:23","msg":"request data","uri":"/value/gauge/temperature","method":"GET","time":0.013712292,"statusCode":200,"bytes":28,"Content-Encoding":[]}
{"level":"info","ts":1791005306.909379,"caller":"logger/logger.go:23","msg":"request data","uri":"/ping","method":"GET","time":0.002108,"statusCode":200,"bytes":23,"Content-Encoding":[]}
{"level":"info","ts":1791005306.9148319,"caller":"logger/logger.go:23","msg":"request data","uri":"/ping","method":"GET","time":0.000199541,"statusCode":200,"bytes":23,"Content-Encoding":[]}
{"level":"info","ts":1791005306.920667,"caller":"logger/logger.go:23","msg":"request data","uri":"/ping","method":"GET","time":0.00040975,"statusCode":200,"bytes":23,"Content-Encoding":[]}
{"level":"info","ts":1791005306.9259121,"caller":"logger/logger.go:23","msg":"request data","uri":"/value/gauge/temperature","method":"GET","time":0.017505333,"statusCode":200,"bytes":28,"Content-Encoding":[]}
{"level":"info","ts":1791005306.9271061,"caller":"logger/logger.go:23","msg":"request data","uri":"/update","method":"POST","time":0.047585666,"statusCode":200,"bytes":23,"Content-Encoding":[]}
{"level":"info","ts":1791005306.931839,"caller":"logger/logger.go:23","msg":"request data","uri":"/","method":"GET","time":0.00357625,"statusCode":200,"bytes":653,"Content-Encoding":[]}
{"level":"info","ts":1791005306.936682,"caller":"logger/logger.go:23","msg":"request data","uri":"/ping","method":"GET","time":0.00009225,"statusCode":200,"bytes":23,"Content-Encoding":[]}
{"level":"info","ts":1791005306.940397,"caller":"logger/logger.go:23","msg":"request data","uri":"/ping","method":"GET","time":0.00010975,"statusCode":200,"bytes":23,"Content-Encoding":[]}
{"level":"info","ts":1791005306.9435709,"caller":"logger/logger.go:23","msg":"request data","uri":"/value/gauge/temperature","method":"GET","time":0.0000275,"statusCode":200,"bytes":28,"Content-Encoding":[]}
{"level":"info","ts":1791005306.9472902,"caller":"logger/logger.go:23","msg":"request data","uri":"/value/gauge/temperature","method":"GET","time":0.00002275,"statusCode":200,"bytes":28,"Content-Encoding":[]}
{"level":"info","ts":1791005306.9493198,"caller":"logger/logger.go:23","msg":"request data","uri":"/value/gauge/temperature","method":"GET","time":0.000421958,"statusCode":200,"bytes":28,"Content-Encoding":[]}
{"level":"info","ts":1791005306.9545531,"caller":"logger/logger.go:23","msg":"request data","uri":"/ping","method":"GET","time":0.001193916,"statusCode":200,"bytes":23,"Content-Encoding":[]}
{"level":"info","ts":1791005306.957023,"caller":"logger/logger.go:23","msg":"request data","uri":"/","method":"GET","time":0.000058417,"statusCode":200,"bytes":652,"Content-Encoding":[]}
{"level":"info","ts":1791005306.962882,"caller":"logger/logger.go:23","msg":"request data","uri":"/ping","method":"GET","time":0.000646542,"statusCode":200,"bytes":23,"Content-Encoding":[]}
{"level":"info","ts":1791005306.96904,"caller":"logger/logger.go:23","msg":"request data","uri":"/","method":"GET","time":0.009420417,"statusCode":200,"bytes":653,"Content-Encoding":[]}
{"level":"info","ts":1791005306.972686,"caller":"logger/logger.go:23","msg":"request data","uri":"/value/gauge/temperature","method":"GET","time":0.002257084,"statusCode":200,"bytes":28,"Content-Encoding":[]}
{"level":"info","ts":1791005306.979084,"caller":"logger/logger.go:23","msg":"request data","uri":"/ping","method":"GET","time":0.00025375,"statusCode":200,"bytes":23,"Content-Encoding":[]}
{"level":"info","ts":1791005306.981196,"caller":"logger/logger.go:23","msg":"request data","uri":"/","method":"GET","time":0.000173042,"statusCode":200,"bytes":652,"Content-Encoding":[]}
{"level":"info","ts":1791005306.985759,"caller":"logger/logger.go:23","msg":"request data","uri":"/value/","method":"POST","time":0.002204625,"statusCode":200,"bytes":70,"Content-Encoding":[]}
{"level":"info","ts":1791005306.991172,"caller":"logger/logger.go:23","msg":"request data","uri":"/ping","method":"GET","time":0.000210083,"statusCode":200,"bytes":23,"Content-Encoding":[]}
{"level":"info","ts":1791005306.9939919,"caller":"logger/logger.go:23","msg":"request data","uri":"/value/","method":"POST","time":0.006695458,"statusCode":200,"bytes":70,"Content-Encoding":[]}
{"level":"info","ts":1791005306.9995751,"caller":"logger/logger.go:23","msg":"request data","uri":"/ping","method":"GET","time":0.00060575,"statusCode":200,"bytes":23,"Content-Encoding":[]}
{"level":"info","ts":1791005307.003943,"caller":"logger/logger.go:23","msg":"request data","uri":"/ping","method":"GET","time":0.001289292,"statusCode":200,"bytes":23,"Content-Encoding":[]}
{"level":"info","ts":1791005307.00785,"caller":"logger/logger.go:23","msg":"request data","uri":"/value/","method":"POST","time":0.005241042,"statusCode":200,"bytes":70,"Content-Encoding":[]}
{"level":"info","ts":1791005307.013914,"caller":"logger/logger.go:23","msg":"request data","uri":"/ping","method":"GET","time":0.000517334,"statusCode":200,"bytes":23,"Content-Encoding":[]}
{"level":"info","ts":1791005307.019592,"caller":"logger/logger.go:23","msg":"request data","uri":"/ping","method":"GET","time":0.003337583,"statusCode":200,"bytes":23,"Content-Encoding":[]}
{"level":"info","ts":1791005307.025704,"caller":"logger/logger.go:23","msg":"request data","uri":"/ping","method":"GET","time":0.000551291,"statusCode":200,"bytes":23,"Content-Encoding":[]}
{"level":"info","ts":1791005307.03213,"caller":"logger/logger.go:23","msg":"request data","uri":"/ping","method":"GET","time":0.000792791,"statusCode":200,"bytes":23,"Content-Encoding":[]}
{"level":"info","ts":1791005307.0378282,"caller":"logger/logger.go:23","msg":"request data","uri":"/ping","method":"GET","time":0.000288583,"statusCode":200,"bytes":23,"Content-Encoding":[]}
{"level":"info","ts":1791005307.0438452,"caller":"logger/logger.go:23","msg":"request data","uri":"/","method":"GET","time":0.025701875,"statusCode":200,"bytes":652,"Content-Encoding":[]}
{"level":"info","ts":1791005307.04547,"caller":"logger/logger.go:23","msg":"request data","uri":"/","method":"GET","time":0.000058167,"statusCode":200,"bytes":653,"Content-Encoding":[]}
{"level":"info","ts":1791005307.0511649,"caller":"logger/logger.go:23","msg":"request data","uri":"/value/","method":"POST","time":0.004758458,"statusCode":200,"bytes":70,"Content-Encoding":[]}
2026/10/03 10:28:27 DB STATS: open=22 in_use=15 idle=7 wait_count=0 wait_duration=0s max_open=0
{"level":"info","ts":1791005307.055487,"caller":"logger/logger.go:23","msg":"request data","uri":"/ping","method":"GET","time":0.000302708,"statusCode":200,"bytes":23,"Content-Encoding":[]}
{"level":"info","ts":1791005307.0594602,"caller":"logger/logger.go:23","msg":"request data","uri":"/ping","method":"GET","time":0.000207417,"statusCode":200,"bytes":23,"Content-Encoding":[]}
{"level":"info","ts":1791005307.065708,"caller":"logger/logger.go:23","msg":"request data","uri":"/ping","method":"GET","time":0.001109208,"statusCode":200,"bytes":23,"Content-Encoding":[]}
{"level":"info","ts":1791005307.0671139,"caller":"logger/logger.go:23","msg":"request data","uri":"/value/","method":"POST","time":0.008521958,"statusCode":200,"bytes":70,"Content-Encoding":[]}
{"level":"info","ts":1791005307.074559,"caller":"logger/logger.go:23","msg":"request data","uri":"/ping","method":"GET","time":0.001892833,"statusCode":200,"bytes":23,"Content-Encoding":[]}
{"level":"info","ts":1791005307.0814579,"caller":"logger/logger.go:23","msg":"request data","uri":"/ping","method":"GET","time":0.0009735,"statusCode":200,"bytes":23,"Content-Encoding":[]}
{"level":"info","ts":1791005307.0855832,"caller":"logger/logger.go:23","msg":"request data","uri":"/value/gauge/temperature","method":"GET","time":0.016981167,"statusCode":200,"bytes":28,"Content-Encoding":[]}
{"level":"info","ts":1791005307.0906959,"caller":"logger/logger.go:23","msg":"request data","uri":"/ping","method":"GET","time":0.000459541,"statusCode":200,"bytes":23,"Content-Encoding":[]}
{"level":"info","ts":1791005307.095517,"caller":"logger/logger.go:23","msg":"request data","uri":"/value/","method":"POST","time":0.009456625,"statusCode":200,"bytes":70,"Content-Encoding":[]}
{"level":"info","ts":1791005307.100749,"caller":"logger/logger.go:23","msg":"request data","uri":"/ping","method":"GET","time":0.000419041,"statusCode":200,"bytes":23,"Content-Encoding":[]}
{"level":"info","ts":1791005307.10672,"caller":"logger/logger.go:23","msg":"request data","uri":"/updates/","method":"POST","time":0.213240583,"statusCode":200,"bytes":23,"Content-Encoding":[]}
{"level":"info","ts":1791005307.113682,"caller":"logger/logger.go:23","msg":"request data","uri":"/ping","method":"GET","time":0.001015167,"statusCode":200,"bytes":23,"Content-Encoding":[]}
{"level":"info","ts":1791005307.119104,"caller":"logger/logger.go:23","msg":"request data","uri":"/value/gauge/temperature","method":"GET","time":0.022951417,"statusCode":200,"bytes":28,"Content-Encoding":[]}
{"level":"info","ts":1791005307.123956,"caller":"logger/logger.go:23","msg":"request data","uri":"/ping","method":"GET","time":0.000692291,"statusCode":200,"bytes":23,"Content-Encoding":[]}
{"level":"info","ts":1791005307.1304011,"caller":"logger/logger.go:23","msg":"request data","uri":"/ping","method":"GET","time":0.000360292,"statusCode":200,"bytes":23,"Content-Encoding":[]}
{"level":"info","ts":1791005307.1372879,"caller":"logger/logger.go:23","msg":"request data","uri":"/ping","method":"GET","time":0.00100925,"statusCode":200,"bytes":23,"Content-Encoding":[]}
{"level":"info","ts":1791005307.145028,"caller":"logger/logger.go:23","msg":"request data","uri":"/value/gauge/temperature","method":"GET","time":0.025112458,"statusCode":200,"bytes":28,"Content-Encoding":[]}
{"level":"info","ts":1791005307.146338,"caller":"logger/logger.go:23","msg":"request data","uri":"/update","method":"POST","time":0.059174,"statusCode":200,"bytes":23,"Content-Encoding":[]}
{"level":"info","ts":1791005307.154882,"caller":"logger/logger.go:23","msg":"request data","uri":"/ping","method":"GET","time":0.001049333,"statusCode":200,"bytes":23,"Content-Encoding":[]}
{"level":"info","ts":1791005307.157591,"caller":"logger/logger.go:23","msg":"request data","uri":"/value/gauge/temperature","method":"GET","time":0.000028334,"statusCode":200,"bytes":28,"Content-Encoding":[]}
{"level":"info","ts":1791005307.1680698,"caller":"logger/logger.go:23","msg":"request data","uri":"/ping","method":"GET","time":0.000114625,"statusCode":200,"bytes":23,"Content-Encoding":[]}
{"level":"info","ts":1791005307.1743171,"caller":"logger/logger.go:23","msg":"request data","uri":"/ping","method":"GET","time":0.000918542,"statusCode":200,"bytes":23,"Content-Encoding":[]}
{"level":"info","ts":1791005307.180701,"caller":"logger/logger.go:23","msg":"request data","uri":"/ping","method":"GET","time":0.000619417,"statusCode":200,"bytes":23,"Content-Encoding":[]}
{"level":"info","ts":1791005307.1886568,"caller":"logger/logger.go:23","msg":"request data","uri":"/ping","method":"GET","time":0.000502291,"statusCode":200,"bytes":23,"Content-Encoding":[]}
{"level":"info","ts":1791005307.195332,"caller":"logger/logger.go:23","msg":"request data","uri":"/ping","method":"GET","time":0.000623167,"statusCode":200,"bytes":23,"Content-Encoding":[]}
{"level":"info","ts":1791005307.199772,"caller":"logger/logger.go:23","msg":"request data","uri":"/","method":"GET","time":0.039746583,"statusCode":200,"bytes":653,"Content-Encoding":[]}
{"level":"info","ts":1791005307.206888,"caller":"logger/logger.go:23","msg":"request data","uri":"/ping","method":"GET","time":0.001216375,"statusCode":200,"bytes":23,"Content-Encoding":[]}
{"level":"info","ts":1791005307.212812,"caller":"logger/logger.go:23","msg":"request data","uri":"/value/gauge/temperature","method":"GET","time":0.012444875,"statusCode":200,"bytes":28,"Content-Encoding":[]}
{"level":"info","ts":1791005307.218428,"caller":"logger/logger.go:23","msg":"request data","uri":"/ping","method":"GET","time":0.000485542,"statusCode":200,"bytes":23,"Content-Encoding":[]}
{"level":"info","ts":1791005307.224135,"caller":"logger/logger.go:23","msg":"request data","uri":"/value/","method":"POST","time":0.009408709,"statusCode":200,"bytes":70,"Content-Encoding":[]}
{"level":"info","ts":1791005307.228961,"caller":"logger/logger.go:23","msg":"request data","uri":"/ping","method":"GET","time":0.000410708,"statusCode":200,"bytes":23,"Content-Encoding":[]}
{"level":"info","ts":1791005307.2352571,"caller":"logger/logger.go:23","msg":"request data","uri":"/ping","method":"GET","time":0.00066925,"statusCode":200,"bytes":23,"Content-Encoding":[]}
{"level":"info","ts":1791005307.242384,"caller":"logger/logger.go:23","msg":"request data","uri":"/ping","method":"GET","time":0.000795667,"statusCode":200,"bytes":23,"Content-Encoding":[]}
{"level":"info","ts":1791005307.249912,"caller":"logger/logger.go:23","msg":"request data","uri":"/ping","method":"GET","time":0.000786125,"statusCode":200,"bytes":23,"Content-Encoding":[]}
{"level":"info","ts":1791005307.257138,"caller":"logger/logger.go:23","msg":"request data","uri":"/ping","method":"GET","time":0.000610834,"statusCode":200,"bytes":23,"Content-Encoding":[]}
{"level":"info","ts":1791005307.2633421,"caller":"logger/logger.go:23","msg":"request data","uri":"/ping","method":"GET","time":0.000593333,"statusCode":200,"bytes":23,"Content-Encoding":[]}
{"level":"info","ts":1791005307.270751,"caller":"logger/logger.go:23","msg":"request data","uri":"/ping","method":"GET","time":0.000588209,"statusCode":200,"bytes":23,"Content-Encoding":[]}
{"level":"info","ts":1791005307.276908,"caller":"logger/logger.go:23","msg":"request data","uri":"/ping","method":"GET","time":0.000290625,"statusCode":200,"bytes":23,"Content-Encoding":[]}
{"level":"info","ts":1791005307.283814,"caller":"logger/logger.go:23","msg":"request data","uri":"/ping","method":"GET","time":0.000359625,"statusCode":200,"bytes":23,"Content-Encoding":[]}
{"level":"info","ts":1791005307.285276,"caller":"logger/logger.go:23","msg":"request data","uri":"/update/gauge/load_update_url_gauge/25.5","method":"POST","time":0.082626834,"statusCode":200,"bytes":23,"Content-Encoding":[]}
{"level":"info","ts":1791005307.292542,"caller":"logger/logger.go:23","msg":"request data","uri":"/value/gauge/temperature","method":"GET","time":0.004014458,"statusCode":200,"bytes":28,"Content-Encoding":[]}
{"level":"info","ts":1791005307.296853,"caller":"logger/logger.go:23","msg":"request data","uri":"/ping","method":"GET","time":0.000132958,"statusCode":200,"bytes":23,"Content-Encoding":[]}
{"level":"info","ts":1791005307.303781,"caller":"logger/logger.go:23","msg":"request data","uri":"/ping","method":"GET","time":0.000858917,"statusCode":200,"bytes":23,"Content-Encoding":[]}
{"level":"info","ts":1791005307.3097112,"caller":"logger/logger.go:23","msg":"request data","uri":"/ping","method":"GET","time":0.000107208,"statusCode":200,"bytes":23,"Content-Encoding":[]}
{"level":"info","ts":1791005307.3164852,"caller":"logger/logger.go:23","msg":"request data","uri":"/ping","method":"GET","time":0.001063959,"statusCode":200,"bytes":23,"Content-Encoding":[]}
{"level":"info","ts":1791005307.320564,"caller":"logger/logger.go:23","msg":"request data","uri":"/ping","method":"GET","time":0.002577334,"statusCode":200,"bytes":23,"Content-Encoding":[]}
{"level":"info","ts":1791005307.327012,"caller":"logger/logger.go:23","msg":"request data","uri":"/ping","method":"GET","time":0.000616583,"statusCode":200,"bytes":23,"Content-Encoding":[]}
{"level":"info","ts":1791005307.3313851,"caller":"logger/logger.go:23","msg":"request data","uri":"/ping","method":"GET","time":0.003464583,"statusCode":200,"bytes":23,"Content-Encoding":[]}
{"level":"info","ts":1791005307.338349,"caller":"logger/logger.go:23","msg":"request data","uri":"/ping","method":"GET","time":0.000395292,"statusCode":200,"bytes":23,"Content-Encoding":[]}
{"level":"info","ts":1791005307.344619,"caller":"logger/logger.go:23","msg":"request data","uri":"/ping","method":"GET","time":0.000391417,"statusCode":200,"bytes":23,"Content-Encoding":[]}
{"level":"info","ts":1791005307.3492758,"caller":"logger/logger.go:23","msg":"request data","uri":"/value/gauge/temperature","method":"GET","time":0.019087708,"statusCode":200,"bytes":28,"Content-Encoding":[]}
{"level":"info","ts":1791005307.354401,"caller":"logger/logger.go:23","msg":"request data","uri":"/ping","method":"GET","time":0.001167167,"statusCode":200,"bytes":23,"Content-Encoding":[]}
{"level":"info","ts":1791005307.35786,"caller":"logger/logger.go:23","msg":"request data","uri":"/","method":"GET","time":0.005585792,"statusCode":200,"bytes":654,"Content-Encoding":[]}
{"level":"info","ts":1791005307.36615,"caller":"logger/logger.go:23","msg":"request data","uri":"/ping","method":"GET","time":0.000949708,"statusCode":200,"bytes":23,"Content-Encoding":[]}
{"level":"info","ts":1791005307.373448,"caller":"logger/logger.go:23","msg":"request data","uri":"/ping","method":"GET","time":0.000584417,"statusCode":200,"bytes":23,"Content-Encoding":[]}
{"level":"info","ts":1791005307.3798988,"caller":"logger/logger.go:23","msg":"request data","uri":"/value/","method":"POST","time":0.020348459,"statusCode":200,"bytes":70,"Content-Encoding":[]}
{"level":"info","ts":1791005307.3834822,"caller":"logger/logger.go:23","msg":"request data","uri":"/ping","method":"GET","time":0.00247275,"statusCode":200,"bytes":23,"Content-Encoding":[]}
{"level":"info","ts":1791005307.389169,"caller":"logger/logger.go:23","msg":"request data","uri":"/","method":"GET","time":0.008146166,"statusCode":200,"bytes":652,"Content-Encoding":[]}
{"level":"info","ts":1791005307.395954,"caller":"logger/logger.go:23","msg":"request data","uri":"/ping","method":"GET","time":0.000651583,"statusCode":200,"bytes":23,"Content-Encoding":[]}
{"level":"info","ts":1791005307.4011252,"caller":"logger/logger.go:23","msg":"request data","uri":"/ping","method":"GET","time":0.000585541,"statusCode":200,"bytes":23,"Content-Encoding":[]}
{"level":"info","ts":1791005307.4049711,"caller":"logger/logger.go:23","msg":"request data","uri":"/","method":"GET","time":0.005547,"statusCode":200,"bytes":650,"Content-Encoding":[]}
{"level":"info","ts":1791005307.41154,"caller":"logger/logger.go:23","msg":"request data","uri":"/value/gauge/temperature","method":"GET","time":0.005957917,"statusCode":200,"bytes":28,"Content-Encoding":[]}
{"level":"info","ts":1791005307.417707,"caller":"logger/logger.go:23","msg":"request data","uri":"/ping","method":"GET","time":0.000310459,"statusCode":200,"bytes":23,"Content-Encoding":[]}
{"level":"info","ts":1791005307.422751,"caller":"logger/logger.go:23","msg":"request data","uri":"/value/","method":"POST","time":0.010238875,"statusCode":200,"bytes":70,"Content-Encoding":[]}
{"level":"info","ts":1791005307.4268749,"caller":"logger/logger.go:23","msg":"request data","uri":"/ping","method":"GET","time":0.004516375,"statusCode":200,"bytes":23,"Content-Encoding":[]}
{"level":"info","ts":1791005307.430885,"caller":"logger/logger.go:23","msg":"request data","uri":"/value/gauge/temperature","method":"GET","time":0.004808042,"statusCode":200,"bytes":28,"Content-Encoding":[]}
{"level":"info","ts":1791005307.436907,"caller":"logger/logger.go:23","msg":"request data","uri":"/value/gauge/temperature","method":"GET","time":0.005907542,"statusCode":200,"bytes":28,"Content-Encoding":[]}
{"level":"info","ts":1791005307.441049,"caller":"logger/logger.go:23","msg":"request data","uri":"/ping","method":"GET","time":0.000270667,"statusCode":200,"bytes":23,"Content-Encoding":[]}
{"level":"info","ts":1791005307.444077,"caller":"logger/logger.go:23","msg":"request data","uri":"/update/gauge/load_update_url_gauge/25.5","method":"POST","time":0.019069666,"statusCode":200,"bytes":23,"Content-Encoding":[]}
{"level":"info","ts":1791005307.451197,"caller":"logger/logger.go:23","msg":"request data","uri":"/updates/","method":"POST","time":0.101323458,"statusCode":200,"bytes":23,"Content-Encoding":[]}
{"level":"info","ts":1791005307.455742,"caller":"logger/logger.go:23","msg":"request data","uri":"/value/","method":"POST","time":0.002706791,"statusCode":200,"bytes":70,"Content-Encoding":[]}
{"level":"info","ts":1791005307.460033,"caller":"logger/logger.go:23","msg":"request data","uri":"/value/","method":"POST","time":0.000033583,"statusCode":200,"bytes":70,"Content-Encoding":[]}
{"level":"info","ts":1791005307.464142,"caller":"logger/logger.go:23","msg":"request data","uri":"/value/","method":"POST","time":0.001532417,"statusCode":200,"bytes":70,"Content-Encoding":[]}
{"level":"info","ts":1791005307.468746,"caller":"logger/logger.go:23","msg":"request data","uri":"/value/gauge/temperature","method":"GET","time":0.001301125,"statusCode":200,"bytes":28,"Content-Encoding":[]}
{"level":"info","ts":1791005307.4721348,"caller":"logger/logger.go:23","msg":"request data","uri":"/value/","method":"POST","time":0.001161583,"statusCode":200,"bytes":70,"Content-Encoding":[]}
{"level":"info","ts":1791005307.476864,"caller":"logger/logger.go:23","msg":"request data","uri":"/value/","method":"POST","time":0.002295666,"statusCode":200,"bytes":70,"Content-Encoding":[]}
{"level":"info","ts":1791005307.480635,"caller":"logger/logger.go:23","msg":"request data","uri":"/value/gauge/temperature","method":"GET","time":0.005227875,"statusCode":200,"bytes":28,"Content-Encoding":[]}
{"level":"info","ts":1791005307.487005,"caller":"logger/logger.go:23","msg":"request data","uri":"/updates/","method":"POST","time":0.193464917,"statusCode":200,"bytes":23,"Content-Encoding":[]}
{"level":"info","ts":1791005307.489137,"caller":"logger/logger.go:23","msg":"request data","uri":"/update","method":"POST","time":0.022930208,"statusCode":200,"bytes":23,"Content-Encoding":[]}
{"level":"info","ts":1791005307.4954848,"caller":"logger/logger.go:23","msg":"request data","uri":"/","method":"GET","time":0.002596709,"statusCode":200,"bytes":653,"Content-Encoding":[]}
{"level":"info","ts":1791005307.500715,"caller":"logger/logger.go:23","msg":"request data","uri":"/value/","method":"POST","time":0.002518875,"statusCode":200,"bytes":70,"Content-Encoding":[]}
{"level":"info","ts":1791005307.5051498,"caller":"logger/logger.go:23","msg":"request data","uri":"/value/","method":"POST","time":0.001444209,"statusCode":200,"bytes":70,"Content-Encoding":[]}
{"level":"info","ts":1791005307.5098639,"caller":"logger/logger.go:23","msg":"request data","uri":"/value/","method":"POST","time":0.001857708,"statusCode":200,"bytes":70,"Content-Encoding":[]}
{"level":"info","ts":1791005307.513804,"caller":"logger/logger.go:23","msg":"request data","uri":"/update","method":"POST","time":0.01101375,"statusCode":200,"bytes":23,"Content-Encoding":[]}
{"level":"info","ts":1791005307.519961,"caller":"logger/logger.go:23","msg":"request data","uri":"/value/gauge/temperature","method":"GET","time":0.002458041,"statusCode":200,"bytes":28,"Content-Encoding":[]}
{"level":"info","ts":1791005307.523299,"caller":"logger/logger.go:23","msg":"request data","uri":"/","method":"GET","time":0.002195709,"statusCode":200,"bytes":652,"Content-Encoding":[]}
{"level":"info","ts":1791005307.525158,"caller":"logger/logger.go:23","msg":"request data","uri":"/update","method":"POST","time":0.008074167,"statusCode":200,"bytes":23,"Content-Encoding":[]}
{"level":"info","ts":1791005307.5324988,"caller":"logger/logger.go:23","msg":"request data","uri":"/value/","method":"POST","time":0.0019325,"statusCode":200,"bytes":70,"Content-Encoding":[]}
{"level":"info","ts":1791005307.537333,"caller":"logger/logger.go:23","msg":"request data","uri":"/value/gauge/temperature","method":"GET","time":0.003363791,"statusCode":200,"bytes":28,"Content-Encoding":[]}
{"level":"info","ts":1791005307.5406668,"caller":"logger/logger.go:23","msg":"request data","uri":"/value/gauge/temperature","method":"GET","time":0.000995875,"statusCode":200,"bytes":28,"Content-Encoding":[]}
{"level":"info","ts":1791005307.545202,"caller":"logger/logger.go:23","msg":"request data","uri":"/","method":"GET","time":0.001267541,"statusCode":200,"bytes":653,"Content-Encoding":[]}
{"level":"info","ts":1791005307.548754,"caller":"logger/logger.go:23","msg":"request data","uri":"/value/","method":"POST","time":0.000036292,"statusCode":200,"bytes":70,"Content-Encoding":[]}
{"level":"info","ts":1791005307.5503201,"caller":"logger/logger.go:23","msg":"request data","uri":"/update/gauge/load_update_url_gauge/25.5","method":"POST","time":0.008238709,"statusCode":200,"bytes":23,"Content-Encoding":[]}
{"level":"info","ts":1791005307.556524,"caller":"logger/logger.go:23","msg":"request data","uri":"/value/gauge/temperature","method":"GET","time":0.001889042,"statusCode":200,"bytes":28,"Content-Encoding":[]}
{"level":"info","ts":1791005307.561122,"caller":"logger/logger.go:23","msg":"request data","uri":"/value/gauge/temperature","method":"GET","time":0.002255625,"statusCode":200,"bytes":28,"Content-Encoding":[]}
{"level":"info","ts":1791005307.5655198,"caller":"logger/logger.go:23","msg":"request data","uri":"/value/","method":"POST","time":0.00002825,"statusCode":200,"bytes":70,"Content-Encoding":[]}
{"level":"info","ts":1791005307.569994,"caller":"logger/logger.go:23","msg":"request data","uri":"/value/","method":"POST","time":0.000027125,"statusCode":200,"bytes":70,"Content-Encoding":[]}
{"level":"info","ts":1791005307.5753841,"caller":"logger/logger.go:23","msg":"request data","uri":"/","method":"GET","time":0.0025465,"statusCode":200,"bytes":653,"Content-Encoding":[]}
{"level":"info","ts":1791005307.57944,"caller":"logger/logger.go:23","msg":"request data","uri":"/value/gauge/temperature","method":"GET","time":0.002381,"statusCode":200,"bytes":28,"Content-Encoding":[]}
{"level":"info","ts":1791005307.586547,"caller":"logger/logger.go:23","msg":"request data","uri":"/value/","method":"POST","time":0.000070916,"statusCode":200,"bytes":70,"Content-Encoding":[]}
{"level":"info","ts":1791005307.588062,"caller":"logger/logger.go:23","msg":"request data","uri":"/value/gauge/temperature","method":"GET","time":0.00045575,"statusCode":200,"bytes":28,"Content-Encoding":[]}
{"level":"info","ts":1791005307.59291,"caller":"logger/logger.go:23","msg":"request data","uri":"/","method":"GET","time":0.003299208,"statusCode":200,"bytes":653,"Content-Encoding":[]}
{"level":"info","ts":1791005307.5964139,"caller":"logger/logger.go:23","msg":"request data","uri":"/value/gauge/temperature","method":"GET","time":0.001654209,"statusCode":200,"bytes":28,"Content-Encoding":[]}
{"level":"info","ts":1791005307.596473,"caller":"logger/logger.go:23","msg":"request data","uri":"/value/","method":"POST","time":0.002928,"statusCode":200,"bytes":70,"Content-Encoding":[]}
{"level":"info","ts":1791005307.596512,"caller":"logger/logger.go:23","msg":"request data","uri":"/value/","method":"POST","time":0.002941666,"statusCode":200,"bytes":70,"Content-Encoding":[]}
{"level":"info","ts":1791005307.596525,"caller":"logger/logger.go:23","msg":"request data","uri":"/value/gauge/temperature","method":"GET","time":0.00172325,"statusCode":200,"bytes":28,"Content-Encoding":[]}
{"level":"info","ts":1791005307.596524,"caller":"logger/logger.go:23","msg":"request data","uri":"/","method":"GET","time":0.001549291,"statusCode":200,"bytes":653,"Content-Encoding":[]}
{"level":"info","ts":1791005307.596541,"caller":"logger/logger.go:23","msg":"request data","uri":"/","method":"GET","time":0.001573834,"statusCode":200,"bytes":653,"Content-Encoding":[]}
{"level":"info","ts":1791005307.596549,"caller":"logger/logger.go:23","msg":"request data","uri":"/","method":"GET","time":0.001507667,"statusCode":200,"bytes":653,"Content-Encoding":[]}
{"level":"info","ts":1791005307.596562,"caller":"logger/logger.go:23","msg":"request data","uri":"/value/gauge/temperature","method":"GET","time":0.002932125,"statusCode":200,"bytes":28,"Content-Encoding":[]}
{"level":"info","ts":1791005307.5965629,"caller":"logger/logger.go:23","msg":"request data","uri":"/value/","method":"POST","time":0.001505208,"statusCode":200,"bytes":70,"Content-Encoding":[]}
{"level":"info","ts":1791005307.596577,"caller":"logger/logger.go:23","msg":"request data","uri":"/value/","method":"POST","time":0.001798333,"statusCode":200,"bytes":70,"Content-Encoding":[]}
{"level":"info","ts":1791005307.596586,"caller":"logger/logger.go:23","msg":"request data","uri":"/value/","method":"POST","time":0.002956542,"statusCode":200,"bytes":70,"Content-Encoding":[]}
{"level":"info","ts":1791005307.596599,"caller":"logger/logger.go:23","msg":"request data","uri":"/value/","method":"POST","time":0.001842875,"statusCode":200,"bytes":70,"Content-Encoding":[]}
{"level":"info","ts":1791005307.596601,"caller":"logger/logger.go:23","msg":"request data","uri":"/value/gauge/temperature","method":"GET","time":0.000024125,"statusCode":200,"bytes":28,"Content-Encoding":[]}
{"level":"info","ts":1791005307.596607,"caller":"logger/logger.go:23","msg":"request data","uri":"/value/","method":"POST","time":0.002947708,"statusCode":200,"bytes":70,"Content-Encoding":[]}
{"level":"info","ts":1791005307.596621,"caller":"logger/logger.go:23","msg":"request data","uri":"/value/gauge/temperature","method":"GET","time":0.001744209,"statusCode":200,"bytes":28,"Content-Encoding":[]}
{"level":"info","ts":1791005307.596638,"caller":"logger/logger.go:23","msg":"request data","uri":"/value/gauge/temperature","method":"GET","time":0.001777625,"statusCode":200,"bytes":28,"Content-Encoding":[]}
{"level":"info","ts":1791005307.596666,"caller":"logger/logger.go:23","msg":"request data","uri":"/","method":"GET","time":0.001546792,"statusCode":200,"bytes":653,"Content-Encoding":[]}
{"level":"info","ts":1791005307.596682,"caller":"logger/logger.go:23","msg":"request data","uri":"/","method":"GET","time":0.001680208,"statusCode":200,"bytes":653,"Content-Encoding":[]}
{"level":"info","ts":1791005307.596683,"caller":"logger/logger.go:23","msg":"request data","uri":"/value/gauge/temperature","method":"GET","time":0.001798542,"statusCode":200,"bytes":28,"Content-Encoding":[]}
{"level":"info","ts":1791005307.596718,"caller":"logger/logger.go:23","msg":"request data","uri":"/","method":"GET","time":0.002770209,"statusCode":200,"bytes":653,"Content-Encoding":[]}
{"level":"info","ts":1791005307.596725,"caller":"logger/logger.go:23","msg":"request data","uri":"/","method":"GET","time":0.001908,"statusCode":200,"bytes":653,"Content-Encoding":[]}
{"level":"info","ts":1791005307.596757,"caller":"logger/logger.go:23","msg":"request data","uri":"/","method":"GET","time":0.001615667,"statusCode":200,"bytes":653,"Content-Encoding":[]}
{"level":"info","ts":1791005307.596778,"caller":"logger/logger.go:23","msg":"request data","uri":"/","method":"GET","time":0.00179175,"statusCode":200,"bytes":653,"Content-Encoding":[]}
{"level":"info","ts":1791005307.5968041,"caller":"logger/logger.go:23","msg":"request data","uri":"/value/","method":"POST","time":0.001767459,"statusCode":200,"bytes":70,"Content-Encoding":[]}
{"level":"info","ts":1791005307.5968199,"caller":"logger/logger.go:23","msg":"request data","uri":"/","method":"GET","time":0.002834167,"statusCode":200,"bytes":653,"Content-Encoding":[]}
{"level":"info","ts":1791005307.5968251,"caller":"logger/logger.go:23","msg":"request data","uri":"/value/","method":"POST","time":0.001772625,"statusCode":200,"bytes":70,"Content-Encoding":[]}
{"level":"info","ts":1791005307.596838,"caller":"logger/logger.go:23","msg":"request data","uri":"/","method":"GET","time":0.001685,"statusCode":200,"bytes":653,"Content-Encoding":[]}
{"level":"info","ts":1791005307.59684,"caller":"logger/logger.go:23","msg":"request data","uri":"/value/","method":"POST","time":0.002778042,"statusCode":200,"bytes":70,"Content-Encoding":[]}
{"level":"info","ts":1791005307.596849,"caller":"logger/logger.go:23","msg":"request data","uri":"/","method":"GET","time":0.00203775,"statusCode":200,"bytes":653,"Content-Encoding":[]}
{"level":"info","ts":1791005307.5968618,"caller":"logger/logger.go:23","msg":"request data","uri":"/value/gauge/temperature","method":"GET","time":0.002767,"statusCode":200,"bytes":28,"Content-Encoding":[]}
{"level":"info","ts":1791005307.59686,"caller":"logger/logger.go:23","msg":"request data","uri":"/value/","method":"POST","time":0.001691791,"statusCode":200,"bytes":70,"Content-Encoding":[]}
{"level":"info","ts":1791005307.596535,"caller":"logger/logger.go:23","msg":"request data","uri":"/value/","method":"POST","time":0.002963,"statusCode":200,"bytes":70,"Content-Encoding":[]}
{"level":"info","ts":1791005307.5968819,"caller":"logger/logger.go:23","msg":"request data","uri":"/value/gauge/temperature","method":"GET","time":0.002753333,"statusCode":200,"bytes":28,"Content-Encoding":[]}
{"level":"info","ts":1791005307.596885,"caller":"logger/logger.go:23","msg":"request data","uri":"/value/","method":"POST","time":0.001961708,"statusCode":200,"bytes":70,"Content-Encoding":[]}
{"level":"info","ts":1791005307.596587,"caller":"logger/logger.go:23","msg":"request data","uri":"/value/","method":"POST","time":0.001581792,"statusCode":200,"bytes":70,"Content-Encoding":[]}
{"level":"info","ts":1791005307.5969,"caller":"logger/logger.go:23","msg":"request data","uri":"/value/","method":"POST","time":0.002717833,"statusCode":200,"bytes":70,"Content-Encoding":[]}
{"level":"info","ts":1791005307.596545,"caller":"logger/logger.go:23","msg":"request data","uri":"/value/","method":"POST","time":0.0029455,"statusCode":200,"bytes":70,"Content-Encoding":[]}
{"level":"info","ts":1791005307.59691,"caller":"logger/logger.go:23","msg":"request data","uri":"/","method":"GET","time":0.001828625,"statusCode":200,"bytes":653,"Content-Encoding":[]}
{"level":"info","ts":1791005307.596555,"caller":"logger/logger.go:23","msg":"request data","uri":"/value/gauge/temperature","method":"GET","time":0.002954916,"statusCode":200,"bytes":28,"Content-Encoding":[]}
{"level":"info","ts":1791005307.596917,"caller":"logger/logger.go:23","msg":"request data","uri":"/value/gauge/temperature","method":"GET","time":0.002701625,"statusCode":200,"bytes":28,"Content-Encoding":[]}
{"level":"info","ts":1791005307.596927,"caller":"logger/logger.go:23","msg":"request data","uri":"/value/gauge/temperature","method":"GET","time":0.002240334,"statusCode":200,"bytes":28,"Content-Encoding":[]}
{"level":"info","ts":1791005307.5969348,"caller":"logger/logger.go:23","msg":"request data","uri":"/value/","method":"POST","time":0.002241208,"statusCode":200,"bytes":70,"Content-Encoding":[]}
{"level":"info","ts":1791005307.5969439,"caller":"logger/logger.go:23","msg":"request data","uri":"/value/gauge/temperature","method":"GET","time":0.002556,"statusCode":200,"bytes":28,"Content-Encoding":[]}
{"level":"info","ts":1791005307.596952,"caller":"logger/logger.go:23","msg":"request data","uri":"/value/gauge/temperature","method":"GET","time":0.002246167,"statusCode":200,"bytes":28,"Content-Encoding":[]}
{"level":"info","ts":1791005307.5969589,"caller":"logger/logger.go:23","msg":"request data","uri":"/value/gauge/temperature","method":"GET","time":0.002536792,"statusCode":200,"bytes":28,"Content-Encoding":[]}
{"level":"info","ts":1791005307.5969658,"caller":"logger/logger.go:23","msg":"request data","uri":"/value/gauge/temperature","method":"GET","time":0.002247291,"statusCode":200,"bytes":28,"Content-Encoding":[]}
{"level":"info","ts":1791005307.596975,"caller":"logger/logger.go:23","msg":"request data","uri":"/value/gauge/temperature","method":"GET","time":0.002507583,"statusCode":200,"bytes":28,"Content-Encoding":[]}
{"level":"info","ts":1791005307.596986,"caller":"logger/logger.go:23","msg":"request data","uri":"/","method":"GET","time":0.002142791,"statusCode":200,"bytes":653,"Content-Encoding":[]}
{"level":"info","ts":1791005307.596989,"caller":"logger/logger.go:23","msg":"request data","uri":"/value/gauge/temperature","method":"GET","time":0.002490875,"statusCode":200,"bytes":28,"Content-Encoding":[]}
{"level":"info","ts":1791005307.596992,"caller":"logger/logger.go:23","msg":"request data","uri":"/","method":"GET","time":0.002204459,"statusCode":200,"bytes":653,"Content-Encoding":[]}
{"level":"info","ts":1791005307.596417,"caller":"logger/logger.go:23","msg":"request data","uri":"/value/","method":"POST","time":0.002878667,"statusCode":200,"bytes":70,"Content-Encoding":[]}
{"level":"info","ts":1791005307.597013,"caller":"logger/logger.go:23","msg":"request data","uri":"/","method":"GET","time":0.002115459,"statusCode":200,"bytes":653,"Content-Encoding":[]}
{"level":"info","ts":1791005307.597057,"caller":"logger/logger.go:23","msg":"request data","uri":"/","method":"GET","time":0.002132,"statusCode":200,"bytes":653,"Content-Encoding":[]}
{"level":"info","ts":1791005307.597064,"caller":"logger/logger.go:23","msg":"request data","uri":"/","method":"GET","time":0.002335834,"statusCode":200,"bytes":653,"Content-Encoding":[]}
{"level":"info","ts":1791005307.5965598,"caller":"logger/logger.go:23","msg":"request data","uri":"/value/gauge/temperature","method":"GET","time":0.001813291,"statusCode":200,"bytes":28,"Content-Encoding":[]}
{"level":"info","ts":1791005307.597078,"caller":"logger/logger.go:23","msg":"request data","uri":"/value/","method":"POST","time":0.00002875,"statusCode":200,"bytes":70,"Content-Encoding":[]}
{"level":"info","ts":1791005307.596585,"caller":"logger/logger.go:23","msg":"request data","uri":"/value/","method":"POST","time":0.00158725,"statusCode":200,"bytes":70,"Content-Encoding":[]}
{"level":"info","ts":1791005307.5970612,"caller":"logger/logger.go:23","msg":"request data","uri":"/value/gauge/temperature","method":"GET","time":0.002535292,"statusCode":200,"bytes":28,"Content-Encoding":[]}
{"level":"info","ts":1791005307.597381,"caller":"logger/logger.go:23","msg":"request data","uri":"/","method":"GET","time":0.000307917,"statusCode":200,"bytes":653,"Content-Encoding":[]}
{"level":"info","ts":1791005307.597398,"caller":"logger/logger.go:23","msg":"request data","uri":"/value/","method":"POST","time":0.000260917,"statusCode":200,"bytes":70,"Content-Encoding":[]}
{"level":"info","ts":1791005307.5974028,"caller":"logger/logger.go:23","msg":"request data","uri":"/value/","method":"POST","time":0.00031525,"statusCode":200,"bytes":70,"Content-Encoding":[]}
{"level":"info","ts":1791005307.597409,"caller":"logger/logger.go:23","msg":"request data","uri":"/value/gauge/temperature","method":"GET","time":0.002801584,"statusCode":200,"bytes":28,"Content-Encoding":[]}
{"level":"info","ts":1791005307.597425,"caller":"logger/logger.go:23","msg":"request data","uri":"/value/","method":"POST","time":0.00032625,"statusCode":200,"bytes":70,"Content-Encoding":[]}
{"level":"info","ts":1791005307.5974321,"caller":"logger/logger.go:23","msg":"request data","uri":"/value/","method":"POST","time":0.000221042,"statusCode":200,"bytes":70,"Content-Encoding":[]}
{"level":"info","ts":1791005307.597435,"caller":"logger/logger.go:23","msg":"request data","uri":"/value/","method":"POST","time":0.000259833,"statusCode":200,"bytes":70,"Content-Encoding":[]}
{"level":"info","ts":1791005307.597436,"caller":"logger/logger.go:23","msg":"request data","uri":"/value/","method":"POST","time":0.000151541,"statusCode":200,"bytes":70,"Content-Encoding":[]}
{"level":"info","ts":1791005307.597455,"caller":"logger/logger.go:23","msg":"request data","uri":"/value/","method":"POST","time":0.000329916,"statusCode":200,"bytes":70,"Content-Encoding":[]}
{"level":"info","ts":1791005307.597446,"caller":"logger/logger.go:23","msg":"request data","uri":"/value/gauge/temperature","method":"GET","time":0.000335792,"statusCode":200,"bytes":28,"Content-Encoding":[]}
{"level":"info","ts":1791005307.5974011,"caller":"logger/logger.go:23","msg":"request data","uri":"/value/","method":"POST","time":0.000259166,"statusCode":200,"bytes":70,"Content-Encoding":[]}
{"level":"info","ts":1791005307.597402,"caller":"logger/logger.go:23","msg":"request data","uri":"/","method":"GET","time":0.002656542,"statusCode":200,"bytes":653,"Content-Encoding":[]}
{"level":"info","ts":1791005307.59747,"caller":"logger/logger.go:23","msg":"request data","uri":"/value/","method":"POST","time":0.00026875,"statusCode":200,"bytes":70,"Content-Encoding":[]}
{"level":"info","ts":1791005307.597486,"caller":"logger/logger.go:23","msg":"request data","uri":"/","method":"GET","time":0.000308084,"statusCode":200,"bytes":653,"Content-Encoding":[]}
{"level":"info","ts":1791005307.597506,"caller":"logger/logger.go:23","msg":"request data","uri":"/value/gauge/temperature","method":"GET","time":0.000252916,"statusCode":200,"bytes":28,"Content-Encoding":[]}
{"level":"info","ts":1791005307.597505,"caller":"logger/logger.go:23","msg":"request data","uri":"/value/gauge/temperature","method":"GET","time":0.000261667,"statusCode":200,"bytes":28,"Content-Encoding":[]}
{"level":"info","ts":1791005307.597505,"caller":"logger/logger.go:23","msg":"request data","uri":"/value/gauge/temperature","method":"GET","time":0.000290875,"statusCode":200,"bytes":28,"Content-Encoding":[]}
{"level":"info","ts":1791005307.597518,"caller":"logger/logger.go:23","msg":"request data","uri":"/","method":"GET","time":0.002938458,"statusCode":200,"bytes":653,"Content-Encoding":[]}
{"level":"info","ts":1791005307.597527,"caller":"logger/logger.go:23","msg":"request data","uri":"/value/","method":"POST","time":0.000235583,"statusCode":200,"bytes":70,"Content-Encoding":[]}
{"level":"info","ts":1791005307.597543,"caller":"logger/logger.go:23","msg":"request data","uri":"/value/","method":"POST","time":0.000252042,"statusCode":200,"bytes":70,"Content-Encoding":[]}
{"level":"info","ts":1791005307.597551,"caller":"logger/logger.go:23","msg":"request data","uri":"/value/gauge/temperature","method":"GET","time":0.000222416,"statusCode":200,"bytes":28,"Content-Encoding":[]}
{"level":"info","ts":1791005307.597555,"caller":"logger/logger.go:23","msg":"request data","uri":"/","method":"GET","time":0.000244,"statusCode":200,"bytes":653,"Content-Encoding":[]}
{"level":"info","ts":1791005307.5975308,"caller":"logger/logger.go:23","msg":"request data","uri":"/value/","method":"POST","time":0.002886792,"statusCode":200,"bytes":70,"Content-Encoding":[]}
{"level":"info","ts":1791005307.5975769,"caller":"logger/logger.go:23","msg":"request data","uri":"/update/gauge/load_update_url_gauge/25.5","method":"POST","time":0.00868325,"statusCode":200,"bytes":23,"Content-Encoding":[]}
{"level":"info","ts":1791005307.597544,"caller":"logger/logger.go:23","msg":"request data","uri":"/value/gauge/temperature","method":"GET","time":0.000213125,"statusCode":200,"bytes":28,"Content-Encoding":[]}
{"level":"info","ts":1791005307.597552,"caller":"logger/logger.go:23","msg":"request data","uri":"/value/gauge/temperature","method":"GET","time":0.000299333,"statusCode":200,"bytes":28,"Content-Encoding":[]}
{"level":"info","ts":1791005307.597595,"caller":"logger/logger.go:23","msg":"request data","uri":"/update/gauge/load_update_url_gauge/25.5","method":"POST","time":0.008686042,"statusCode":200,"bytes":23,"Content-Encoding":[]}
{"level":"info","ts":1791005307.5976052,"caller":"logger/logger.go:23","msg":"request data","uri":"/update/gauge/load_update_url_gauge/25.5","method":"POST","time":0.00873175,"statusCode":200,"bytes":23,"Content-Encoding":[]}
{"level":"info","ts":1791005307.597617,"caller":"logger/logger.go:23","msg":"request data","uri":"/update/gauge/load_update_url_gauge/25.5","method":"POST","time":0.008529,"statusCode":200,"bytes":23,"Content-Encoding":[]}
{"level":"info","ts":1791005307.597621,"caller":"logger/logger.go:23","msg":"request data","uri":"/update/gauge/load_update_url_gauge/25.5","method":"POST","time":0.008347334,"statusCode":200,"bytes":23,"Content-Encoding":[]}
{"level":"info","ts":1791005307.597624,"caller":"logger/logger.go:23","msg":"request data","uri":"/update/gauge/load_update_url_gauge/25.5","method":"POST","time":0.008524917,"statusCode":200,"bytes":23,"Content-Encoding":[]}
{"level":"info","ts":1791005307.597631,"caller":"logger/logger.go:23","msg":"request data","uri":"/","method":"GET","time":0.000469125,"statusCode":200,"bytes":653,"Content-Encoding":[]}
{"level":"info","ts":1791005307.597638,"caller":"logger/logger.go:23","msg":"request data","uri":"/update/gauge/load_update_url_gauge/25.5","method":"POST","time":0.008338958,"statusCode":200,"bytes":23,"Content-Encoding":[]}
{"level":"info","ts":1791005307.597642,"caller":"logger/logger.go:23","msg":"request data","uri":"/update/gauge/load_update_url_gauge/25.5","method":"POST","time":0.008337708,"statusCode":200,"bytes":23,"Content-Encoding":[]}
{"level":"info","ts":1791005307.597655,"caller":"logger/logger.go:23","msg":"request data","uri":"/update/gauge/load_update_url_gauge/25.5","method":"POST","time":0.008190833,"statusCode":200,"bytes":23,"Content-Encoding":[]}
{"level":"info","ts":1791005307.5976331,"caller":"logger/logger.go:23","msg":"request data","uri":"/update/gauge/load_update_url_gauge/25.5","method":"POST","time":0.008537958,"statusCode":200,"bytes":23,"Content-Encoding":[]}
{"level":"info","ts":1791005307.597661,"caller":"logger/logger.go:23","msg":"request data","uri":"/update","method":"POST","time":0.008310458,"statusCode":200,"bytes":23,"Content-Encoding":[]}
{"level":"info","ts":1791005307.597665,"caller":"logger/logger.go:23","msg":"request data","uri":"/update","method":"POST","time":0.006609875,"statusCode":200,"bytes":23,"Content-Encoding":[]}
{"level":"info","ts":1791005307.597638,"caller":"logger/logger.go:23","msg":"request data","uri":"/update/gauge/load_update_url_gauge/25.5","method":"POST","time":0.008269,"statusCode":200,"bytes":23,"Content-Encoding":[]}
{"level":"info","ts":1791005307.597596,"caller":"logger/logger.go:23","msg":"request data","uri":"/update/gauge/load_update_url_gauge/25.5","method":"POST","time":0.008087875,"statusCode":200,"bytes":23,"Content-Encoding":[]}
{"level":"info","ts":1791005307.597656,"caller":"logger/logger.go:23","msg":"request data","uri":"/update","method":"POST","time":0.008332708,"statusCode":200,"bytes":23,"Content-Encoding":[]}
{"level":"info","ts":1791005307.5976691,"caller":"logger/logger.go:23","msg":"request data","uri":"/update/gauge/load_update_url_gauge/25.5","method":"POST","time":0.008168125,"statusCode":200,"bytes":23,"Content-Encoding":[]}
{"level":"info","ts":1791005307.6032798,"caller":"logger/logger.go:23","msg":"request data","uri":"/","method":"GET","time":0.003423917,"statusCode":200,"bytes":654,"Content-Encoding":[]}
{"level":"info","ts":1791005307.6080692,"caller":"logger/logger.go:23","msg":"request data","uri":"/","method":"GET","time":0.002645167,"statusCode":200,"bytes":652,"Content-Encoding":[]}
{"level":"info","ts":1791005307.61217,"caller":"logger/logger.go:23","msg":"request data","uri":"/value/gauge/temperature","method":"GET","time":0.000044208,"statusCode":200,"bytes":28,"Content-Encoding":[]}
{"level":"info","ts":1791005307.616968,"caller":"logger/logger.go:23","msg":"request data","uri":"/","method":"GET","time":0.003241042,"statusCode":200,"bytes":653,"Content-Encoding":[]}
{"level":"info","ts":1791005307.623623,"caller":"logger/logger.go:23","msg":"request data","uri":"/value/","method":"POST","time":0.002125791,"statusCode":200,"bytes":70,"Content-Encoding":[]}
{"level":"info","ts":1791005307.624867,"caller":"logger/logger.go:23","msg":"request data","uri":"/update","method":"POST","time":0.011513375,"statusCode":200,"bytes":23,"Content-Encoding":[]}
{"level":"info","ts":1791005307.6320698,"caller":"logger/logger.go:23","msg":"request data","uri":"/value/","method":"POST","time":0.002886667,"statusCode":200,"bytes":70,"Content-Encoding":[]}
{"level":"info","ts":1791005307.637023,"caller":"logger/logger.go:23","msg":"request data","uri":"/value/","method":"POST","time":0.00067275,"statusCode":200,"bytes":70,"Content-Encoding":[]}
{"level":"info","ts":1791005307.6421142,"caller":"logger/logger.go:23","msg":"request data","uri":"/value/","method":"POST","time":0.001368125,"statusCode":200,"bytes":70,"Content-Encoding":[]}
{"level":"info","ts":1791005307.647694,"caller":"logger/logger.go:23","msg":"request data","uri":"/value/gauge/temperature","method":"GET","time":0.003535875,"statusCode":200,"bytes":28,"Content-Encoding":[]}
{"level":"info","ts":1791005307.652299,"caller":"logger/logger.go:23","msg":"request data","uri":"/value/gauge/temperature","method":"GET","time":0.002858125,"statusCode":200,"bytes":28,"Content-Encoding":[]}
{"level":"info","ts":1791005307.656033,"caller":"logger/logger.go:23","msg":"request data","uri":"/","method":"GET","time":0.0034265,"statusCode":200,"bytes":653,"Content-Encoding":[]}
{"level":"info","ts":1791005307.6616251,"caller":"logger/logger.go:23","msg":"request data","uri":"/value/gauge/temperature","method":"GET","time":0.00183825,"statusCode":200,"bytes":28,"Content-Encoding":[]}
{"level":"info","ts":1791005307.6650372,"caller":"logger/logger.go:23","msg":"request data","uri":"/value/","method":"POST","time":0.000537667,"statusCode":200,"bytes":70,"Content-Encoding":[]}
{"level":"info","ts":1791005307.669566,"caller":"logger/logger.go:23","msg":"request data","uri":"/","method":"GET","time":0.002653625,"statusCode":200,"bytes":653,"Content-Encoding":[]}
{"level":"info","ts":1791005307.675463,"caller":"logger/logger.go:23","msg":"request data","uri":"/value/","method":"POST","time":0.001619417,"statusCode":200,"bytes":70,"Content-Encoding":[]}
{"level":"info","ts":1791005307.676693,"caller":"logger/logger.go:23","msg":"request data","uri":"/update","method":"POST","time":0.010743416,"statusCode":200,"bytes":23,"Content-Encoding":[]}
{"level":"info","ts":1791005307.685289,"caller":"logger/logger.go:23","msg":"request data","uri":"/value/","method":"POST","time":0.000028084,"statusCode":200,"bytes":70,"Content-Encoding":[]}
{"level":"info","ts":1791005307.689866,"caller":"logger/logger.go:23","msg":"request data","uri":"/","method":"GET","time":0.0011395,"statusCode":200,"bytes":653,"Content-Encoding":[]}
{"level":"info","ts":1791005307.694025,"caller":"logger/logger.go:23","msg":"request data","uri":"/","method":"GET","time":0.00278075,"statusCode":200,"bytes":652,"Content-Encoding":[]}
{"level":"info","ts":1791005307.699666,"caller":"logger/logger.go:23","msg":"request data","uri":"/","method":"GET","time":0.002872625,"statusCode":200,"bytes":651,"Content-Encoding":[]}
{"level":"info","ts":1791005307.70502,"caller":"logger/logger.go:23","msg":"request data","uri":"/","method":"GET","time":0.001492125,"statusCode":200,"bytes":651,"Content-Encoding":[]}
{"level":"info","ts":1791005307.709497,"caller":"logger/logger.go:23","msg":"request data","uri":"/value/gauge/temperature","method":"GET","time":0.003197959,"statusCode":200,"bytes":28,"Content-Encoding":[]}
{"level":"info","ts":1791005307.714313,"caller":"logger/logger.go:23","msg":"request data","uri":"/","method":"GET","time":0.001364041,"statusCode":200,"bytes":653,"Content-Encoding":[]}
{"level":"info","ts":1791005307.7172859,"caller":"logger/logger.go:23","msg":"request data","uri":"/","method":"GET","time":0.000549541,"statusCode":200,"bytes":653,"Content-Encoding":[]}
{"level":"info","ts":1791005307.721946,"caller":"logger/logger.go:23","msg":"request data","uri":"/value/gauge/temperature","method":"GET","time":0.000043292,"statusCode":200,"bytes":28,"Content-Encoding":[]}
{"level":"info","ts":1791005307.726209,"caller":"logger/logger.go:23","msg":"request data","uri":"/value/gauge/temperature","method":"GET","time":0.001425917,"statusCode":200,"bytes":28,"Content-Encoding":[]}
{"level":"info","ts":1791005307.729335,"caller":"logger/logger.go:23","msg":"request data","uri":"/value/","method":"POST","time":0.000614584,"statusCode":200,"bytes":70,"Content-Encoding":[]}
{"level":"info","ts":1791005307.733244,"caller":"logger/logger.go:23","msg":"request data","uri":"/value/gauge/temperature","method":"GET","time":0.000494792,"statusCode":200,"bytes":28,"Content-Encoding":[]}
{"level":"info","ts":1791005307.736257,"caller":"logger/logger.go:23","msg":"request data","uri":"/value/gauge/temperature","method":"GET","time":0.000373667,"statusCode":200,"bytes":28,"Content-Encoding":[]}
{"level":"info","ts":1791005307.739373,"caller":"logger/logger.go:23","msg":"request data","uri":"/update","method":"POST","time":0.009033875,"statusCode":200,"bytes":23,"Content-Encoding":[]}
{"level":"info","ts":1791005307.7452118,"caller":"logger/logger.go:23","msg":"request data","uri":"/value/gauge/temperature","method":"GET","time":0.000029,"statusCode":200,"bytes":28,"Content-Encoding":[]}
{"level":"info","ts":1791005307.751254,"caller":"logger/logger.go:23","msg":"request data","uri":"/value/gauge/temperature","method":"GET","time":0.002118334,"statusCode":200,"bytes":28,"Content-Encoding":[]}
{"level":"info","ts":1791005307.754893,"caller":"logger/logger.go:23","msg":"request data","uri":"/value/gauge/temperature","method":"GET","time":0.002306042,"statusCode":200,"bytes":28,"Content-Encoding":[]}
{"level":"info","ts":1791005307.756793,"caller":"logger/logger.go:23","msg":"request data","uri":"/update","method":"POST","time":0.01682475,"statusCode":200,"bytes":23,"Content-Encoding":[]}
{"level":"info","ts":1791005307.7636511,"caller":"logger/logger.go:23","msg":"request data","uri":"/value/gauge/temperature","method":"GET","time":0.001215625,"statusCode":200,"bytes":28,"Content-Encoding":[]}
{"level":"info","ts":1791005307.768318,"caller":"logger/logger.go:23","msg":"request data","uri":"/value/","method":"POST","time":0.002386416,"statusCode":200,"bytes":70,"Content-Encoding":[]}
{"level":"info","ts":1791005307.772514,"caller":"logger/logger.go:23","msg":"request data","uri":"/value/gauge/temperature","method":"GET","time":0.00144825,"statusCode":200,"bytes":28,"Content-Encoding":[]}
{"level":"info","ts":1791005307.777834,"caller":"logger/logger.go:23","msg":"request data","uri":"/","method":"GET","time":0.005930792,"statusCode":200,"bytes":651,"Content-Encoding":[]}
{"level":"info","ts":1791005307.783477,"caller":"logger/logger.go:23","msg":"request data","uri":"/","method":"GET","time":0.000700875,"statusCode":200,"bytes":652,"Content-Encoding":[]}
{"level":"info","ts":1791005307.785971,"caller":"logger/logger.go:23","msg":"request data","uri":"/value/","method":"POST","time":0.000052666,"statusCode":200,"bytes":70,"Content-Encoding":[]}
{"level":"info","ts":1791005307.79048,"caller":"logger/logger.go:23","msg":"request data","uri":"/","method":"GET","time":0.003624166,"statusCode":200,"bytes":653,"Content-Encoding":[]}
{"level":"info","ts":1791005307.794484,"caller":"logger/logger.go:23","msg":"request data","uri":"/update","method":"POST","time":0.008204792,"statusCode":200,"bytes":23,"Content-Encoding":[]}
{"level":"info","ts":1791005307.7991061,"caller":"logger/logger.go:23","msg":"request data","uri":"/","method":"GET","time":0.000132083,"statusCode":200,"bytes":652,"Content-Encoding":[]}
{"level":"info","ts":1791005307.8040252,"caller":"logger/logger.go:23","msg":"request data","uri":"/","method":"GET","time":0.002512625,"statusCode":200,"bytes":654,"Content-Encoding":[]}
{"level":"info","ts":1791005307.808012,"caller":"logger/logger.go:23","msg":"request data","uri":"/value/","method":"POST","time":0.002132583,"statusCode":200,"bytes":70,"Content-Encoding":[]}
{"level":"info","ts":1791005307.812456,"caller":"logger/logger.go:23","msg":"request data","uri":"/","method":"GET","time":0.003982417,"statusCode":200,"bytes":652,"Content-Encoding":[]}
{"level":"info","ts":1791005307.816997,"caller":"logger/logger.go:23","msg":"request data","uri":"/value/gauge/temperature","method":"GET","time":0.000583625,"statusCode":200,"bytes":28,"Content-Encoding":[]}
{"level":"info","ts":1791005307.8215392,"caller":"logger/logger.go:23","msg":"request data","uri":"/value/","method":"POST","time":0.002402,"statusCode":200,"bytes":70,"Content-Encoding":[]}
{"level":"info","ts":1791005307.8245,"caller":"logger/logger.go:23","msg":"request data","uri":"/","method":"GET","time":0.002142375,"statusCode":200,"bytes":653,"Content-Encoding":[]}
{"level":"info","ts":1791005307.8282251,"caller":"logger/logger.go:23","msg":"request data","uri":"/update","method":"POST","time":0.009931583,"statusCode":200,"bytes":23,"Content-Encoding":[]}
{"level":"info","ts":1791005307.833895,"caller":"logger/logger.go:23","msg":"request data","uri":"/value/","method":"POST","time":0.002427875,"statusCode":200,"bytes":70,"Content-Encoding":[]}
{"level":"info","ts":1791005307.836024,"caller":"logger/logger.go:23","msg":"request data","uri":"/update","method":"POST","time":0.005852583,"statusCode":200,"bytes":23,"Content-Encoding":[]}
{"level":"info","ts":1791005307.84126,"caller":"logger/logger.go:23","msg":"request data","uri":"/value/","method":"POST","time":0.000905625,"statusCode":200,"bytes":70,"Content-Encoding":[]}
{"level":"info","ts":1791005307.8444989,"caller":"logger/logger.go:23","msg":"request data","uri":"/value/","method":"POST","time":0.000035042,"statusCode":200,"bytes":70,"Content-Encoding":[]}
{"level":"info","ts":1791005307.847567,"caller":"logger/logger.go:23","msg":"request data","uri":"/","method":"GET","time":0.000806,"statusCode":200,"bytes":652,"Content-Encoding":[]}
{"level":"info","ts":1791005307.8509052,"caller":"logger/logger.go:23","msg":"request data","uri":"/value/","method":"POST","time":0.001125916,"statusCode":200,"bytes":70,"Content-Encoding":[]}
{"level":"info","ts":1791005307.8572679,"caller":"logger/logger.go:23","msg":"request data","uri":"/value/gauge/temperature","method":"GET","time":0.002286125,"statusCode":200,"bytes":28,"Content-Encoding":[]}
{"level":"info","ts":1791005307.8583539,"caller":"logger/logger.go:23","msg":"request data","uri":"/update/gauge/load_update_url_gauge/25.5","method":"POST","time":0.014445875,"statusCode":200,"bytes":23,"Content-Encoding":[]}
{"level":"info","ts":1791005307.86373,"caller":"logger/logger.go:23","msg":"request data","uri":"/","method":"GET","time":0.001018042,"statusCode":200,"bytes":651,"Content-Encoding":[]}
{"level":"info","ts":1791005307.869935,"caller":"logger/logger.go:23","msg":"request data","uri":"/value/gauge/temperature","method":"GET","time":0.002544208,"statusCode":200,"bytes":28,"Content-Encoding":[]}
{"level":"info","ts":1791005307.8713799,"caller":"logger/logger.go:23","msg":"request data","uri":"/update/gauge/load_update_url_gauge/25.5","method":"POST","time":0.010630042,"statusCode":200,"bytes":23,"Content-Encoding":[]}
{"level":"info","ts":1791005307.876153,"caller":"logger/logger.go:23","msg":"request data","uri":"/value/","method":"POST","time":0.0002355,"statusCode":200,"bytes":70,"Content-Encoding":[]}
{"level":"info","ts":1791005307.882258,"caller":"logger/logger.go:23","msg":"request data","uri":"/value/gauge/temperature","method":"GET","time":0.000945958,"statusCode":200,"bytes":28,"Content-Encoding":[]}
{"level":"info","ts":1791005307.8829582,"caller":"logger/logger.go:23","msg":"request data","uri":"/update","method":"POST","time":0.010077125,"statusCode":200,"bytes":23,"Content-Encoding":[]}
{"level":"info","ts":1791005307.8902771,"caller":"logger/logger.go:23","msg":"request data","uri":"/value/","method":"POST","time":0.002496042,"statusCode":200,"bytes":70,"Content-Encoding":[]}
{"level":"info","ts":1791005307.89453,"caller":"logger/logger.go:23","msg":"request data","uri":"/value/","method":"POST","time":0.001528792,"statusCode":200,"bytes":70,"Content-Encoding":[]}
{"level":"info","ts":1791005307.897872,"caller":"logger/logger.go:23","msg":"request data","uri":"/value/gauge/temperature","method":"GET","time":0.000169208,"statusCode":200,"bytes":28,"Content-Encoding":[]}
{"level":"info","ts":1791005307.901736,"caller":"logger/logger.go:23","msg":"request data","uri":"/update/gauge/load_update_url_gauge/25.5","method":"POST","time":0.017700459,"statusCode":200,"bytes":23,"Content-Encoding":[]}
{"level":"info","ts":1791005307.908343,"caller":"logger/logger.go:23","msg":"request data","uri":"/value/gauge/temperature","method":"GET","time":0.001832792,"statusCode":200,"bytes":28,"Content-Encoding":[]}
{"level":"info","ts":1791005307.909939,"caller":"logger/logger.go:23","msg":"request data","uri":"/","method":"GET","time":0.001084333,"statusCode":200,"bytes":653,"Content-Encoding":[]}
{"level":"info","ts":1791005307.9142709,"caller":"logger/logger.go:23","msg":"request data","uri":"/update/gauge/load_update_url_gauge/25.5","method":"POST","time":0.010505833,"statusCode":200,"bytes":23,"Content-Encoding":[]}
{"level":"info","ts":1791005307.920749,"caller":"logger/logger.go:23","msg":"request data","uri":"/value/gauge/temperature","method":"GET","time":0.00491275,"statusCode":200,"bytes":28,"Content-Encoding":[]}
{"level":"info","ts":1791005307.9222138,"caller":"logger/logger.go:23","msg":"request data","uri":"/value/gauge/temperature","method":"GET","time":0.000371709,"statusCode":200,"bytes":28,"Content-Encoding":[]}
{"level":"info","ts":1791005307.9257898,"caller":"logger/logger.go:23","msg":"request data","uri":"/update/gauge/load_update_url_gauge/25.5","method":"POST","time":0.01077025,"statusCode":200,"bytes":23,"Content-Encoding":[]}
{"level":"info","ts":1791005307.93209,"caller":"logger/logger.go:23","msg":"request data","uri":"/value/","method":"POST","time":0.001255416,"statusCode":200,"bytes":70,"Content-Encoding":[]}
{"level":"info","ts":1791005307.936073,"caller":"logger/logger.go:23","msg":"request data","uri":"/","method":"GET","time":0.001507042,"statusCode":200,"bytes":653,"Content-Encoding":[]}
{"level":"info","ts":1791005307.9431272,"caller":"logger/logger.go:23","msg":"request data","uri":"/value/","method":"POST","time":0.002153417,"statusCode":200,"bytes":70,"Content-Encoding":[]}
{"level":"info","ts":1791005307.944453,"caller":"logger/logger.go:23","msg":"request data","uri":"/update/gauge/load_update_url_gauge/25.5","method":"POST","time":0.016510292,"statusCode":200,"bytes":23,"Content-Encoding":[]}
{"level":"info","ts":1791005307.952319,"caller":"logger/logger.go:23","msg":"request data","uri":"/","method":"GET","time":0.0027895,"statusCode":200,"bytes":653,"Content-Encoding":[]}
{"level":"info","ts":1791005307.956776,"caller":"logger/logger.go:23","msg":"request data","uri":"/value/gauge/temperature","method":"GET","time":0.001739333,"statusCode":200,"bytes":28,"Content-Encoding":[]}
{"level":"info","ts":1791005307.960095,"caller":"logger/logger.go:23","msg":"request data","uri":"/","method":"GET","time":0.000751125,"statusCode":200,"bytes":653,"Content-Encoding":[]}
{"level":"info","ts":1791005307.9653618,"caller":"logger/logger.go:23","msg":"request data","uri":"/value/","method":"POST","time":0.001605334,"statusCode":200,"bytes":70,"Content-Encoding":[]}
{"level":"info","ts":1791005307.966581,"caller":"logger/logger.go:23","msg":"request data","uri":"/update","method":"POST","time":0.001703041,"statusCode":200,"bytes":23,"Content-Encoding":[]}
{"level":"info","ts":1791005307.972621,"caller":"logger/logger.go:23","msg":"request data","uri":"/value/gauge/temperature","method":"GET","time":0.000132792,"statusCode":200,"bytes":28,"Content-Encoding":[]}
{"level":"info","ts":1791005307.97859,"caller":"logger/logger.go:23","msg":"request data","uri":"/value/","method":"POST","time":0.002970042,"statusCode":200,"bytes":70,"Content-Encoding":[]}
{"level":"info","ts":1791005307.9825768,"caller":"logger/logger.go:23","msg":"request data","uri":"/","method":"GET","time":0.000249625,"statusCode":200,"bytes":652,"Content-Encoding":[]}
{"level":"info","ts":1791005307.987909,"caller":"logger/logger.go:23","msg":"request data","uri":"/","method":"GET","time":0.003687167,"statusCode":200,"bytes":652,"Content-Encoding":[]}
{"level":"info","ts":1791005307.993078,"caller":"logger/logger.go:23","msg":"request data","uri":"/value/gauge/temperature","method":"GET","time":0.002301292,"statusCode":200,"bytes":28,"Content-Encoding":[]}
{"level":"info","ts":1791005307.99891,"caller":"logger/logger.go:23","msg":"request data","uri":"/value/gauge/temperature","method":"GET","time":0.000025458,"statusCode":200,"bytes":28,"Content-Encoding":[]}
{"level":"info","ts":1791005308.0057652,"caller":"logger/logger.go:23","msg":"request data","uri":"/value/","method":"POST","time":0.006023625,"statusCode":200,"bytes":70,"Content-Encoding":[]}
{"level":"info","ts":1791005308.010394,"caller":"logger/logger.go:23","msg":"request data","uri":"/","method":"GET","time":0.003927875,"statusCode":200,"bytes":652,"Content-Encoding":[]}
{"level":"info","ts":1791005308.0156212,"caller":"logger/logger.go:23","msg":"request data","uri":"/","method":"GET","time":0.001424542,"statusCode":200,"bytes":652,"Content-Encoding":[]}
{"level":"info","ts":1791005308.0207622,"caller":"logger/logger.go:23","msg":"request data","uri":"/value/gauge/temperature","method":"GET","time":0.002318417,"statusCode":200,"bytes":28,"Content-Encoding":[]}
{"level":"info","ts":1791005308.025314,"caller":"logger/logger.go:23","msg":"request data","uri":"/value/gauge/temperature","method":"GET","time":0.00286375,"statusCode":200,"bytes":28,"Content-Encoding":[]}
{"level":"info","ts":1791005308.029504,"caller":"logger/logger.go:23","msg":"request data","uri":"/update","method":"POST","time":0.011365792,"statusCode":200,"bytes":23,"Content-Encoding":[]}
{"level":"info","ts":1791005308.0340412,"caller":"logger/logger.go:23","msg":"request data","uri":"/value/","method":"POST","time":0.001252708,"statusCode":200,"bytes":70,"Content-Encoding":[]}
{"level":"info","ts":1791005308.038403,"caller":"logger/logger.go:23","msg":"request data","uri":"/value/gauge/temperature","method":"GET","time":0.000023959,"statusCode":200,"bytes":28,"Content-Encoding":[]}
{"level":"info","ts":1791005308.041785,"caller":"logger/logger.go:23","msg":"request data","uri":"/","method":"GET","time":0.001342292,"statusCode":200,"bytes":654,"Content-Encoding":[]}
{"level":"info","ts":1791005308.047703,"caller":"logger/logger.go:23","msg":"request data","uri":"/","method":"GET","time":0.002027792,"statusCode":200,"bytes":652,"Content-Encoding":[]}
{"level":"info","ts":1791005308.051457,"caller":"logger/logger.go:23","msg":"request data","uri":"/value/","method":"POST","time":0.002479125,"statusCode":200,"bytes":70,"Content-Encoding":[]}
2026/10/03 10:28:28 DB STATS: open=21 in_use=1 idle=20 wait_count=0 wait_duration=0s max_open=0
{"level":"info","ts":1791005308.0534651,"caller":"logger/logger.go:23","msg":"request data","uri":"/update/gauge/load_update_url_gauge/25.5","method":"POST","time":0.010123625,"statusCode":200,"bytes":23,"Content-Encoding":[]}
{"level":"info","ts":1791005308.0596402,"caller":"logger/logger.go:23","msg":"request data","uri":"/value/","method":"POST","time":0.001143959,"statusCode":200,"bytes":70,"Content-Encoding":[]}
{"level":"info","ts":1791005308.063205,"caller":"logger/logger.go:23","msg":"request data","uri":"/value/gauge/temperature","method":"GET","time":0.002414833,"statusCode":200,"bytes":28,"Content-Encoding":[]}
{"level":"info","ts":1791005308.066056,"caller":"logger/logger.go:23","msg":"request data","uri":"/value/gauge/temperature","method":"GET","time":0.000390625,"statusCode":200,"bytes":28,"Content-Encoding":[]}
{"level":"info","ts":1791005308.076482,"caller":"logger/logger.go:23","msg":"request data","uri":"/value/","method":"POST","time":0.001697167,"statusCode":200,"bytes":70,"Content-Encoding":[]}
{"level":"info","ts":1791005308.077612,"caller":"logger/logger.go:23","msg":"request data","uri":"/update/gauge/load_update_url_gauge/25.5","method":"POST","time":0.01963775,"statusCode":200,"bytes":23,"Content-Encoding":[]}
{"level":"info","ts":1791005308.086039,"caller":"logger/logger.go:23","msg":"request data","uri":"/value/gauge/temperature","method":"GET","time":0.000023958,"statusCode":200,"bytes":28,"Content-Encoding":[]}
{"level":"info","ts":1791005308.09093,"caller":"logger/logger.go:23","msg":"request data","uri":"/","method":"GET","time":0.00017425,"statusCode":200,"bytes":652,"Content-Encoding":[]}
{"level":"info","ts":1791005308.097253,"caller":"logger/logger.go:23","msg":"request data","uri":"/value/gauge/temperature","method":"GET","time":0.001370333,"statusCode":200,"bytes":28,"Content-Encoding":[]}
{"level":"info","ts":1791005308.103035,"caller":"logger/logger.go:23","msg":"request data","uri":"/","method":"GET","time":0.005084291,"statusCode":200,"bytes":653,"Content-Encoding":[]}
{"level":"info","ts":1791005308.1113758,"caller":"logger/logger.go:23","msg":"request data","uri":"/value/gauge/temperature","method":"GET","time":0.002871416,"statusCode":200,"bytes":28,"Content-Encoding":[]}
{"level":"info","ts":1791005308.116648,"caller":"logger/logger.go:23","msg":"request data","uri":"/update/gauge/load_update_url_gauge/25.5","method":"POST","time":0.021392375,"statusCode":200,"bytes":23,"Content-Encoding":[]}
{"level":"info","ts":1791005308.1244538,"caller":"logger/logger.go:23","msg":"request data","uri":"/","method":"GET","time":0.00172925,"statusCode":200,"bytes":650,"Content-Encoding":[]}
{"level":"info","ts":1791005308.129932,"caller":"logger/logger.go:23","msg":"request data","uri":"/value/gauge/temperature","method":"GET","time":0.003207291,"statusCode":200,"bytes":28,"Content-Encoding":[]}
{"level":"info","ts":1791005308.13501,"caller":"logger/logger.go:23","msg":"request data","uri":"/","method":"GET","time":0.000091916,"statusCode":200,"bytes":653,"Content-Encoding":[]}
{"level":"info","ts":1791005308.139116,"caller":"logger/logger.go:23","msg":"request data","uri":"/","method":"GET","time":0.000171458,"statusCode":200,"bytes":651,"Content-Encoding":[]}
{"level":"info","ts":1791005308.1442869,"caller":"logger/logger.go:23","msg":"request data","uri":"/update","method":"POST","time":0.012589375,"statusCode":200,"bytes":23,"Content-Encoding":[]}
{"level":"info","ts":1791005308.155939,"caller":"logger/logger.go:23","msg":"request data","uri":"/value/gauge/temperature","method":"GET","time":0.005132666,"statusCode":200,"bytes":28,"Content-Encoding":[]}
{"level":"info","ts":1791005308.1621492,"caller":"logger/logger.go:23","msg":"request data","uri":"/value/gauge/temperature","method":"GET","time":0.000024792,"statusCode":200,"bytes":28,"Content-Encoding":[]}
{"level":"info","ts":1791005308.1669812,"caller":"logger/logger.go:23","msg":"request data","uri":"/","method":"GET","time":0.001858417,"statusCode":200,"bytes":652,"Content-Encoding":[]}
{"level":"info","ts":1791005308.17286,"caller":"logger/logger.go:23","msg":"request data","uri":"/","method":"GET","time":0.004870416,"statusCode":200,"bytes":653,"Content-Encoding":[]}
{"level":"info","ts":1791005308.178102,"caller":"logger/logger.go:23","msg":"request data","uri":"/value/gauge/temperature","method":"GET","time":0.000027958,"statusCode":200,"bytes":28,"Content-Encoding":[]}
{"level":"info","ts":1791005308.183538,"caller":"logger/logger.go:23","msg":"request data","uri":"/","method":"GET","time":0.000076083,"statusCode":200,"bytes":653,"Content-Encoding":[]}
{"level":"info","ts":1791005308.187598,"caller":"logger/logger.go:23","msg":"request data","uri":"/value/gauge/temperature","method":"GET","time":0.002658958,"statusCode":200,"bytes":28,"Content-Encoding":[]}
{"level":"info","ts":1791005308.194012,"caller":"logger/logger.go:23","msg":"request data","uri":"/value/gauge/temperature","method":"GET","time":0.000736625,"statusCode":200,"bytes":28,"Content-Encoding":[]}
{"level":"info","ts":1791005308.196052,"caller":"logger/logger.go:23","msg":"request data","uri":"/update","method":"POST","time":0.006724209,"statusCode":200,"bytes":23,"Content-Encoding":[]}
{"level":"info","ts":1791005308.204823,"caller":"logger/logger.go:23","msg":"request data","uri":"/value/","method":"POST","time":0.002195917,"statusCode":200,"bytes":70,"Content-Encoding":[]}
{"level":"info","ts":1791005308.208956,"caller":"logger/logger.go:23","msg":"request data","uri":"/value/gauge/temperature","method":"GET","time":0.002127542,"statusCode":200,"bytes":28,"Content-Encoding":[]}
{"level":"info","ts":1791005308.2156181,"caller":"logger/logger.go:23","msg":"request data","uri":"/value/","method":"POST","time":0.001313417,"statusCode":200,"bytes":70,"Content-Encoding":[]}
{"level":"info","ts":1791005308.2206771,"caller":"logger/logger.go:23","msg":"request data","uri":"/value/","method":"POST","time":0.002849417,"statusCode":200,"bytes":70,"Content-Encoding":[]}
{"level":"info","ts":1791005308.225319,"caller":"logger/logger.go:23","msg":"request data","uri":"/value/gauge/temperature","method":"GET","time":0.002544,"statusCode":200,"bytes":28,"Content-Encoding":[]}
{"level":"info","ts":1791005308.2296371,"caller":"logger/logger.go:23","msg":"request data","uri":"/","method":"GET","time":0.005933375,"statusCode":200,"bytes":651,"Content-Encoding":[]}
{"level":"info","ts":1791005308.237241,"caller":"logger/logger.go:23","msg":"request data","uri":"/value/","method":"POST","time":0.002362708,"statusCode":200,"bytes":70,"Content-Encoding":[]}
{"level":"info","ts":1791005308.240993,"caller":"logger/logger.go:23","msg":"request data","uri":"/","method":"GET","time":0.001581375,"statusCode":200,"bytes":653,"Content-Encoding":[]}
{"level":"info","ts":1791005308.2456708,"caller":"logger/logger.go:23","msg":"request data","uri":"/value/gauge/temperature","method":"GET","time":0.003633458,"statusCode":200,"bytes":28,"Content-Encoding":[]}
{"level":"info","ts":1791005308.252676,"caller":"logger/logger.go:23","msg":"request data","uri":"/value/","method":"POST","time":0.001879667,"statusCode":200,"bytes":70,"Content-Encoding":[]}
{"level":"info","ts":1791005308.25613,"caller":"logger/logger.go:23","msg":"request data","uri":"/value/","method":"POST","time":0.001914709,"statusCode":200,"bytes":70,"Content-Encoding":[]}
{"level":"info","ts":1791005308.261497,"caller":"logger/logger.go:23","msg":"request data","uri":"/value/","method":"POST","time":0.001666125,"statusCode":200,"bytes":70,"Content-Encoding":[]}
{"level":"info","ts":1791005308.26781,"caller":"logger/logger.go:23","msg":"request data","uri":"/value/","method":"POST","time":0.00071075,"statusCode":200,"bytes":70,"Content-Encoding":[]}
{"level":"info","ts":1791005308.271682,"caller":"logger/logger.go:23","msg":"request data","uri":"/","method":"GET","time":0.0018805,"statusCode":200,"bytes":653,"Content-Encoding":[]}
{"level":"info","ts":1791005308.2765,"caller":"logger/logger.go:23","msg":"request data","uri":"/value/gauge/temperature","method":"GET","time":0.003354208,"statusCode":200,"bytes":28,"Content-Encoding":[]}
{"level":"info","ts":1791005308.27826,"caller":"logger/logger.go:23","msg":"request data","uri":"/update/gauge/load_update_url_gauge/25.5","method":"POST","time":0.005132917,"statusCode":200,"bytes":23,"Content-Encoding":[]}
{"level":"info","ts":1791005308.286599,"caller":"logger/logger.go:23","msg":"request data","uri":"/","method":"GET","time":0.001459666,"statusCode":200,"bytes":653,"Content-Encoding":[]}
{"level":"info","ts":1791005308.2911801,"caller":"logger/logger.go:23","msg":"request data","uri":"/value/gauge/temperature","method":"GET","time":0.000025667,"statusCode":200,"bytes":28,"Content-Encoding":[]}
{"level":"info","ts":1791005308.295663,"caller":"logger/logger.go:23","msg":"request data","uri":"/update/gauge/load_update_url_gauge/25.5","method":"POST","time":0.015830958,"statusCode":200,"bytes":23,"Content-Encoding":[]}
{"level":"info","ts":1791005308.3032792,"caller":"logger/logger.go:23","msg":"request data","uri":"/value/gauge/temperature","method":"GET","time":0.003470916,"statusCode":200,"bytes":28,"Content-Encoding":[]}
{"level":"info","ts":1791005308.3058612,"caller":"logger/logger.go:23","msg":"request data","uri":"/update/gauge/load_update_url_gauge/25.5","method":"POST","time":0.008911125,"statusCode":200,"bytes":23,"Content-Encoding":[]}
{"level":"info","ts":1791005308.309717,"caller":"logger/logger.go:23","msg":"request data","uri":"/","method":"GET","time":0.000093875,"statusCode":200,"bytes":652,"Content-Encoding":[]}
{"level":"info","ts":1791005308.315597,"caller":"logger/logger.go:23","msg":"request data","uri":"/value/","method":"POST","time":0.000047209,"statusCode":200,"bytes":70,"Content-Encoding":[]}
{"level":"info","ts":1791005308.3215292,"caller":"logger/logger.go:23","msg":"request data","uri":"/value/gauge/temperature","method":"GET","time":0.000023625,"statusCode":200,"bytes":28,"Content-Encoding":[]}
{"level":"info","ts":1791005308.326277,"caller":"logger/logger.go:23","msg":"request data","uri":"/value/","method":"POST","time":0.002146083,"statusCode":200,"bytes":70,"Content-Encoding":[]}
{"level":"info","ts":1791005308.3307981,"caller":"logger/logger.go:23","msg":"request data","uri":"/","method":"GET","time":0.000087042,"statusCode":200,"bytes":650,"Content-Encoding":[]}
{"level":"info","ts":1791005308.336336,"caller":"logger/logger.go:23","msg":"request data","uri":"/","method":"GET","time":0.000240208,"statusCode":200,"bytes":650,"Content-Encoding":[]}
{"level":"info","ts":1791005308.3395042,"caller":"logger/logger.go:23","msg":"request data","uri":"/update/gauge/load_update_url_gauge/25.5","method":"POST","time":0.015873375,"statusCode":200,"bytes":23,"Content-Encoding":[]}
{"level":"info","ts":1791005308.3473752,"caller":"logger/logger.go:23","msg":"request data","uri":"/","method":"GET","time":0.002720417,"statusCode":200,"bytes":653,"Content-Encoding":[]}
{"level":"info","ts":1791005308.355875,"caller":"logger/logger.go:23","msg":"request data","uri":"/update","method":"POST","time":0.004713917,"statusCode":200,"bytes":23,"Content-Encoding":[]}
{"level":"info","ts":1791005308.359023,"caller":"logger/logger.go:23","msg":"request data","uri":"/value/gauge/temperature","method":"GET","time":0.000096125,"statusCode":200,"bytes":28,"Content-Encoding":[]}
{"level":"info","ts":1791005308.3632152,"caller":"logger/logger.go:23","msg":"request data","uri":"/value/","method":"POST","time":0.001479125,"statusCode":200,"bytes":70,"Content-Encoding":[]}
{"level":"info","ts":1791005308.371165,"caller":"logger/logger.go:23","msg":"request data","uri":"/value/","method":"POST","time":0.002030166,"statusCode":200,"bytes":70,"Content-Encoding":[]}
{"level":"info","ts":1791005308.3767219,"caller":"logger/logger.go:23","msg":"request data","uri":"/value/","method":"POST","time":0.003725167,"statusCode":200,"bytes":70,"Content-Encoding":[]}
{"level":"info","ts":1791005308.379672,"caller":"logger/logger.go:23","msg":"request data","uri":"/update","method":"POST","time":0.019191666,"statusCode":200,"bytes":23,"Content-Encoding":[]}
{"level":"info","ts":1791005308.387244,"caller":"logger/logger.go:23","msg":"request data","uri":"/value/","method":"POST","time":0.00230825,"statusCode":200,"bytes":70,"Content-Encoding":[]}
{"level":"info","ts":1791005308.388108,"caller":"logger/logger.go:23","msg":"request data","uri":"/update","method":"POST","time":0.007504583,"statusCode":200,"bytes":23,"Content-Encoding":[]}
{"level":"info","ts":1791005308.396611,"caller":"logger/logger.go:23","msg":"request data","uri":"/","method":"GET","time":0.002809417,"statusCode":200,"bytes":651,"Content-Encoding":[]}
{"level":"info","ts":1791005308.4005241,"caller":"logger/logger.go:23","msg":"request data","uri":"/update","method":"POST","time":0.012171916,"statusCode":200,"bytes":23,"Content-Encoding":[]}
{"level":"info","ts":1791005308.407748,"caller":"logger/logger.go:23","msg":"request data","uri":"/updates/","method":"POST","time":0.094284292,"statusCode":200,"bytes":23,"Content-Encoding":[]}
{"level":"info","ts":1791005308.409924,"caller":"logger/logger.go:23","msg":"request data","uri":"/","method":"GET","time":0.000130208,"statusCode":200,"bytes":652,"Content-Encoding":[]}
{"level":"info","ts":1791005308.414506,"caller":"logger/logger.go:23","msg":"request data","uri":"/value/gauge/temperature","method":"GET","time":0.002198,"statusCode":200,"bytes":28,"Content-Encoding":[]}
{"level":"info","ts":1791005308.421968,"caller":"logger/logger.go:23","msg":"request data","uri":"/","method":"GET","time":0.002330209,"statusCode":200,"bytes":652,"Content-Encoding":[]}
{"level":"info","ts":1791005308.4259799,"caller":"logger/logger.go:23","msg":"request data","uri":"/value/gauge/temperature","method":"GET","time":0.002006292,"statusCode":200,"bytes":28,"Content-Encoding":[]}
{"level":"info","ts":1791005308.43033,"caller":"logger/logger.go:23","msg":"request data","uri":"/","method":"GET","time":0.001272166,"statusCode":200,"bytes":652,"Content-Encoding":[]}
{"level":"info","ts":1791005308.434447,"caller":"logger/logger.go:23","msg":"request data","uri":"/","method":"GET","time":0.003128708,"statusCode":200,"bytes":652,"Content-Encoding":[]}
{"level":"info","ts":1791005308.439252,"caller":"logger/logger.go:23","msg":"request data","uri":"/value/gauge/temperature","method":"GET","time":0.0015375,"statusCode":200,"bytes":28,"Content-Encoding":[]}
{"level":"info","ts":1791005308.4437592,"caller":"logger/logger.go:23","msg":"request data","uri":"/update","method":"POST","time":0.007841459,"statusCode":200,"bytes":23,"Content-Encoding":[]}
{"level":"info","ts":1791005308.45424,"caller":"logger/logger.go:23","msg":"request data","uri":"/value/gauge/temperature","method":"GET","time":0.001386042,"statusCode":200,"bytes":28,"Content-Encoding":[]}
{"level":"info","ts":1791005308.459755,"caller":"logger/logger.go:23","msg":"request data","uri":"/","method":"GET","time":0.003553625,"statusCode":200,"bytes":652,"Content-Encoding":[]}
{"level":"info","ts":1791005308.464909,"caller":"logger/logger.go:23","msg":"request data","uri":"/value/","method":"POST","time":0.003028834,"statusCode":200,"bytes":70,"Content-Encoding":[]}
{"level":"info","ts":1791005308.468457,"caller":"logger/logger.go:23","msg":"request data","uri":"/value/gauge/temperature","method":"GET","time":0.001169291,"statusCode":200,"bytes":28,"Content-Encoding":[]}
{"level":"info","ts":1791005308.473952,"caller":"logger/logger.go:23","msg":"request data","uri":"/value/gauge/temperature","method":"GET","time":0.001017667,"statusCode":200,"bytes":28,"Content-Encoding":[]}
{"level":"info","ts":1791005308.479541,"caller":"logger/logger.go:23","msg":"request data","uri":"/update/gauge/load_update_url_gauge/25.5","method":"POST","time":0.00222025,"statusCode":200,"bytes":23,"Content-Encoding":[]}
{"level":"info","ts":1791005308.485085,"caller":"logger/logger.go:23","msg":"request data","uri":"/update","method":"POST","time":0.004652875,"statusCode":200,"bytes":23,"Content-Encoding":[]}
{"level":"info","ts":1791005308.4937851,"caller":"logger/logger.go:23","msg":"request data","uri":"/value/","method":"POST","time":0.00218225,"statusCode":200,"bytes":70,"Content-Encoding":[]}
{"level":"info","ts":1791005308.4969769,"caller":"logger/logger.go:23","msg":"request data","uri":"/update","method":"POST","time":0.0103605,"statusCode":200,"bytes":23,"Content-Encoding":[]}
{"level":"info","ts":1791005308.509513,"caller":"logger/logger.go:23","msg":"request data","uri":"/value/gauge/temperature","method":"GET","time":0.00284275,"statusCode":200,"bytes":28,"Content-Encoding":[]}
{"level":"info","ts":1791005308.511903,"caller":"logger/logger.go:23","msg":"request data","uri":"/update/gauge/load_update_url_gauge/25.5","method":"POST","time":0.01388625,"statusCode":200,"bytes":23,"Content-Encoding":[]}
{"level":"info","ts":1791005308.52,"caller":"logger/logger.go:23","msg":"request data","uri":"/update","method":"POST","time":0.007496125,"statusCode":200,"bytes":23,"Content-Encoding":[]}
{"level":"info","ts":1791005308.530529,"caller":"logger/logger.go:23","msg":"request data","uri":"/value/gauge/temperature","method":"GET","time":0.000025916,"statusCode":200,"bytes":28,"Content-Encoding":[]}
{"level":"info","ts":1791005308.535201,"caller":"logger/logger.go:23","msg":"request data","uri":"/value/gauge/temperature","method":"GET","time":0.001852583,"statusCode":200,"bytes":28,"Content-Encoding":[]}
{"level":"info","ts":1791005308.5406342,"caller":"logger/logger.go:23","msg":"request data","uri":"/","method":"GET","time":0.00209175,"statusCode":200,"bytes":653,"Content-Encoding":[]}
{"level":"info","ts":1791005308.5441449,"caller":"logger/logger.go:23","msg":"request data","uri":"/value/gauge/temperature","method":"GET","time":0.002422,"statusCode":200,"bytes":28,"Content-Encoding":[]}
{"level":"info","ts":1791005308.547464,"caller":"logger/logger.go:23","msg":"request data","uri":"/update","method":"POST","time":0.009775167,"statusCode":200,"bytes":23,"Content-Encoding":[]}
{"level":"info","ts":1791005308.5538769,"caller":"logger/logger.go:23","msg":"request data","uri":"/value/gauge/temperature","method":"GET","time":0.00061175,"statusCode":200,"bytes":28,"Content-Encoding":[]}
{"level":"info","ts":1791005308.562455,"caller":"logger/logger.go:23","msg":"request data","uri":"/updates/","method":"POST","time":0.093468125,"statusCode":200,"bytes":23,"Content-Encoding":[]}
{"level":"info","ts":1791005308.564079,"caller":"logger/logger.go:23","msg":"request data","uri":"/value/","method":"POST","time":0.000027916,"statusCode":200,"bytes":70,"Content-Encoding":[]}
{"level":"info","ts":1791005308.568427,"caller":"logger/logger.go:23","msg":"request data","uri":"/value/gauge/temperature","method":"GET","time":0.003145792,"statusCode":200,"bytes":28,"Content-Encoding":[]}
{"level":"info","ts":1791005308.5720031,"caller":"logger/logger.go:23","msg":"request data","uri":"/","method":"GET","time":0.000101125,"statusCode":200,"bytes":653,"Content-Encoding":[]}
{"level":"info","ts":1791005308.576552,"caller":"logger/logger.go:23","msg":"request data","uri":"/update/gauge/load_update_url_gauge/25.5","method":"POST","time":0.009697958,"statusCode":200,"bytes":23,"Content-Encoding":[]}
{"level":"info","ts":1791005308.5856981,"caller":"logger/logger.go:23","msg":"request data","uri":"/value/gauge/temperature","method":"GET","time":0.002973417,"statusCode":200,"bytes":28,"Content-Encoding":[]}
{"level":"info","ts":1791005308.589737,"caller":"logger/logger.go:23","msg":"request data","uri":"/value/","method":"POST","time":0.001172333,"statusCode":200,"bytes":70,"Content-Encoding":[]}
{"level":"info","ts":1791005308.592769,"caller":"logger/logger.go:23","msg":"request data","uri":"/value/gauge/temperature","method":"GET","time":0.001205583,"statusCode":200,"bytes":28,"Content-Encoding":[]}
{"level":"info","ts":1791005308.594344,"caller":"logger/logger.go:23","msg":"request data","uri":"/update/gauge/load_update_url_gauge/25.5","method":"POST","time":0.0152575,"statusCode":200,"bytes":23,"Content-Encoding":[]}
{"level":"info","ts":1791005308.597901,"caller":"logger/logger.go:23","msg":"request data","uri":"/updates/","method":"POST","time":0.070554875,"statusCode":200,"bytes":23,"Content-Encoding":[]}
{"level":"info","ts":1791005308.598162,"caller":"logger/logger.go:23","msg":"request data","uri":"/value/gauge/temperature","method":"GET","time":0.00357175,"statusCode":200,"bytes":28,"Content-Encoding":[]}
{"level":"info","ts":1791005308.598172,"caller":"logger/logger.go:23","msg":"request data","uri":"/value/","method":"POST","time":0.002198417,"statusCode":200,"bytes":70,"Content-Encoding":[]}
{"level":"info","ts":1791005308.598196,"caller":"logger/logger.go:23","msg":"request data","uri":"/value/","method":"POST","time":0.002187584,"statusCode":200,"bytes":70,"Content-Encoding":[]}
{"level":"info","ts":1791005308.5982,"caller":"logger/logger.go:23","msg":"request data","uri":"/value/","method":"POST","time":0.002468917,"statusCode":200,"bytes":70,"Content-Encoding":[]}
{"level":"info","ts":1791005308.5981948,"caller":"logger/logger.go:23","msg":"request data","uri":"/value/gauge/temperature","method":"GET","time":0.002468917,"statusCode":200,"bytes":28,"Content-Encoding":[]}
{"level":"info","ts":1791005308.598221,"caller":"logger/logger.go:23","msg":"request data","uri":"/value/gauge/temperature","method":"GET","time":0.002186625,"statusCode":200,"bytes":28,"Content-Encoding":[]}
{"level":"info","ts":1791005308.598229,"caller":"logger/logger.go:23","msg":"request data","uri":"/value/gauge/temperature","method":"GET","time":0.002499916,"statusCode":200,"bytes":28,"Content-Encoding":[]}
{"level":"info","ts":1791005308.598248,"caller":"logger/logger.go:23","msg":"request data","uri":"/value/gauge/temperature","method":"GET","time":0.002454458,"statusCode":200,"bytes":28,"Content-Encoding":[]}
{"level":"info","ts":1791005308.598256,"caller":"logger/logger.go:23","msg":"request data","uri":"/value/","method":"POST","time":0.002215791,"statusCode":200,"bytes":70,"Content-Encoding":[]}
{"level":"info","ts":1791005308.5982652,"caller":"logger/logger.go:23","msg":"request data","uri":"/value/gauge/temperature","method":"GET","time":0.002459,"statusCode":200,"bytes":28,"Content-Encoding":[]}
{"level":"info","ts":1791005308.598279,"caller":"logger/logger.go:23","msg":"request data","uri":"/value/","method":"POST","time":0.002479166,"statusCode":200,"bytes":70,"Content-Encoding":[]}
{"level":"info","ts":1791005308.5982862,"caller":"logger/logger.go:23","msg":"request data","uri":"/value/","method":"POST","time":0.002411291,"statusCode":200,"bytes":70,"Content-Encoding":[]}
{"level":"info","ts":1791005308.59829,"caller":"logger/logger.go:23","msg":"request data","uri":"/updates/","method":"POST","time":0.095664583,"statusCode":200,"bytes":23,"Content-Encoding":[]}
{"level":"info","ts":1791005308.598308,"caller":"logger/logger.go:23","msg":"request data","uri":"/value/gauge/temperature","method":"GET","time":0.002548708,"statusCode":200,"bytes":28,"Content-Encoding":[]}
{"level":"info","ts":1791005308.598328,"caller":"logger/logger.go:23","msg":"request data","uri":"/value/","method":"POST","time":0.002418958,"statusCode":200,"bytes":70,"Content-Encoding":[]}
{"level":"info","ts":1791005308.598335,"caller":"logger/logger.go:23","msg":"request data","uri":"/value/gauge/temperature","method":"GET","time":0.002573292,"statusCode":200,"bytes":28,"Content-Encoding":[]}
{"level":"info","ts":1791005308.598336,"caller":"logger/logger.go:23","msg":"request data","uri":"/","method":"GET","time":0.003287125,"statusCode":200,"bytes":652,"Content-Encoding":[]}
{"level":"info","ts":1791005308.598349,"caller":"logger/logger.go:23","msg":"request data","uri":"/value/","method":"POST","time":0.00240825,"statusCode":200,"bytes":70,"Content-Encoding":[]}
{"level":"info","ts":1791005308.598358,"caller":"logger/logger.go:23","msg":"request data","uri":"/value/","method":"POST","time":0.002575083,"statusCode":200,"bytes":70,"Content-Encoding":[]}
{"level":"info","ts":1791005308.598229,"caller":"logger/logger.go:23","msg":"request data","uri":"/value/gauge/temperature","method":"GET","time":0.003508958,"statusCode":200,"bytes":28,"Content-Encoding":[]}
{"level":"info","ts":1791005308.598361,"caller":"logger/logger.go:23","msg":"request data","uri":"/value/gauge/temperature","method":"GET","time":0.002985708,"statusCode":200,"bytes":28,"Content-Encoding":[]}
{"level":"info","ts":1791005308.5983639,"caller":"logger/logger.go:23","msg":"request data","uri":"/value/gauge/temperature","method":"GET","time":0.000029666,"statusCode":200,"bytes":28,"Content-Encoding":[]}
{"level":"info","ts":1791005308.598328,"caller":"logger/logger.go:23","msg":"request data","uri":"/value/gauge/temperature","method":"GET","time":0.002559917,"statusCode":200,"bytes":28,"Content-Encoding":[]}
{"level":"info","ts":1791005308.5983858,"caller":"logger/logger.go:23","msg":"request data","uri":"/value/gauge/temperature","method":"GET","time":0.002962791,"statusCode":200,"bytes":28,"Content-Encoding":[]}
{"level":"info","ts":1791005308.5984051,"caller":"logger/logger.go:23","msg":"request data","uri":"/value/","method":"POST","time":0.0026295,"statusCode":200,"bytes":70,"Content-Encoding":[]}
{"level":"info","ts":1791005308.5984142,"caller":"logger/logger.go:23","msg":"request data","uri":"/value/","method":"POST","time":0.002898958,"statusCode":200,"bytes":70,"Content-Encoding":[]}
{"level":"info","ts":1791005308.598424,"caller":"logger/logger.go:23","msg":"request data","uri":"/value/gauge/temperature","method":"GET","time":0.00002575,"statusCode":200,"bytes":28,"Content-Encoding":[]}
{"level":"info","ts":1791005308.598422,"caller":"logger/logger.go:23","msg":"request data","uri":"/","method":"GET","time":0.00234925,"statusCode":200,"bytes":652,"Content-Encoding":[]}
{"level":"info","ts":1791005308.59843,"caller":"logger/logger.go:23","msg":"request data","uri":"/value/","method":"POST","time":0.002790708,"statusCode":200,"bytes":70,"Content-Encoding":[]}
{"level":"info","ts":1791005308.598437,"caller":"logger/logger.go:23","msg":"request data","uri":"/value/gauge/temperature","method":"GET","time":0.002763792,"statusCode":200,"bytes":28,"Content-Encoding":[]}
{"level":"info","ts":1791005308.598449,"caller":"logger/logger.go:23","msg":"request data","uri":"/value/","method":"POST","time":0.002747083,"statusCode":200,"bytes":70,"Content-Encoding":[]}
{"level":"info","ts":1791005308.598454,"caller":"logger/logger.go:23","msg":"request data","uri":"/value/gauge/temperature","method":"GET","time":0.002850334,"statusCode":200,"bytes":28,"Content-Encoding":[]}
{"level":"info","ts":1791005308.598457,"caller":"logger/logger.go:23","msg":"request data","uri":"/value/gauge/temperature","method":"GET","time":0.0027365,"statusCode":200,"bytes":28,"Content-Encoding":[]}
{"level":"info","ts":1791005308.598461,"caller":"logger/logger.go:23","msg":"request data","uri":"/value/","method":"POST","time":0.002391541,"statusCode":200,"bytes":70,"Content-Encoding":[]}
{"level":"info","ts":1791005308.59847,"caller":"logger/logger.go:23","msg":"request data","uri":"/value/gauge/temperature","method":"GET","time":0.002856833,"statusCode":200,"bytes":28,"Content-Encoding":[]}
{"level":"info","ts":1791005308.5984268,"caller":"logger/logger.go:23","msg":"request data","uri":"/value/","method":"POST","time":0.000042416,"statusCode":200,"bytes":70,"Content-Encoding":[]}
{"level":"info","ts":1791005308.598473,"caller":"logger/logger.go:23","msg":"request data","uri":"/value/gauge/temperature","method":"GET","time":0.002825916,"statusCode":200,"bytes":28,"Content-Encoding":[]}
{"level":"info","ts":1791005308.59847,"caller":"logger/logger.go:23","msg":"request data","uri":"/value/gauge/temperature","method":"GET","time":0.002780458,"statusCode":200,"bytes":28,"Content-Encoding":[]}
{"level":"info","ts":1791005308.598492,"caller":"logger/logger.go:23","msg":"request data","uri":"/value/","method":"POST","time":0.002391041,"statusCode":200,"bytes":70,"Content-Encoding":[]}
{"level":"info","ts":1791005308.5985012,"caller":"logger/logger.go:23","msg":"request data","uri":"/value/","method":"POST","time":0.002350792,"statusCode":200,"bytes":70,"Content-Encoding":[]}
{"level":"info","ts":1791005308.5985138,"caller":"logger/logger.go:23","msg":"request data","uri":"/value/gauge/temperature","method":"GET","time":0.002903583,"statusCode":200,"bytes":28,"Content-Encoding":[]}
{"level":"info","ts":1791005308.598576,"caller":"logger/logger.go:23","msg":"request data","uri":"/","method":"GET","time":0.002272292,"statusCode":200,"bytes":652,"Content-Encoding":[]}
{"level":"info","ts":1791005308.598597,"caller":"logger/logger.go:23","msg":"request data","uri":"/value/","method":"POST","time":0.002483709,"statusCode":200,"bytes":70,"Content-Encoding":[]}
{"level":"info","ts":1791005308.598603,"caller":"logger/logger.go:23","msg":"request data","uri":"/value/","method":"POST","time":0.002449166,"statusCode":200,"bytes":70,"Content-Encoding":[]}
{"level":"info","ts":1791005308.598606,"caller":"logger/logger.go:23","msg":"request data","uri":"/","method":"GET","time":0.002259833,"statusCode":200,"bytes":652,"Content-Encoding":[]}
{"level":"info","ts":1791005308.598609,"caller":"logger/logger.go:23","msg":"request data","uri":"/","method":"GET","time":0.002524875,"statusCode":200,"bytes":652,"Content-Encoding":[]}
{"level":"info","ts":1791005308.598627,"caller":"logger/logger.go:23","msg":"request data","uri":"/value/","method":"POST","time":0.002468125,"statusCode":200,"bytes":70,"Content-Encoding":[]}
{"level":"info","ts":1791005308.598627,"caller":"logger/logger.go:23","msg":"request data","uri":"/value/","method":"POST","time":0.00251875,"statusCode":200,"bytes":70,"Content-Encoding":[]}
{"level":"info","ts":1791005308.59863,"caller":"logger/logger.go:23","msg":"request data","uri":"/","method":"GET","time":0.002515625,"statusCode":200,"bytes":652,"Content-Encoding":[]}
{"level":"info","ts":1791005308.5986829,"caller":"logger/logger.go:23","msg":"request data","uri":"/","method":"GET","time":0.002576667,"statusCode":200,"bytes":652,"Content-Encoding":[]}
{"level":"info","ts":1791005308.59871,"caller":"logger/logger.go:23","msg":"request data","uri":"/","method":"GET","time":0.002365042,"statusCode":200,"bytes":652,"Content-Encoding":[]}
{"level":"info","ts":1791005308.598722,"caller":"logger/logger.go:23","msg":"request data","uri":"/","method":"GET","time":0.002144125,"statusCode":200,"bytes":652,"Content-Encoding":[]}
{"level":"info","ts":1791005308.598727,"caller":"logger/logger.go:23","msg":"request data","uri":"/","method":"GET","time":0.002557917,"statusCode":200,"bytes":652,"Content-Encoding":[]}
{"level":"info","ts":1791005308.598739,"caller":"logger/logger.go:23","msg":"request data","uri":"/","method":"GET","time":0.002118459,"statusCode":200,"bytes":652,"Content-Encoding":[]}
{"level":"info","ts":1791005308.598222,"caller":"logger/logger.go:23","msg":"request data","uri":"/value/gauge/temperature","method":"GET","time":0.002477583,"statusCode":200,"bytes":28,"Content-Encoding":[]}
{"level":"info","ts":1791005308.598756,"caller":"logger/logger.go:23","msg":"request data","uri":"/","method":"GET","time":0.002519541,"statusCode":200,"bytes":652,"Content-Encoding":[]}
{"level":"info","ts":1791005308.5988119,"caller":"logger/logger.go:23","msg":"request data","uri":"/","method":"GET","time":0.002539833,"statusCode":200,"bytes":652,"Content-Encoding":[]}
{"level":"info","ts":1791005308.5988202,"caller":"logger/logger.go:23","msg":"request data","uri":"/","method":"GET","time":0.002275458,"statusCode":200,"bytes":652,"Content-Encoding":[]}
{"level":"info","ts":1791005308.5988271,"caller":"logger/logger.go:23","msg":"request data","uri":"/","method":"GET","time":0.002375375,"statusCode":200,"bytes":652,"Content-Encoding":[]}
{"level":"info","ts":1791005308.598814,"caller":"logger/logger.go:23","msg":"request data","uri":"/","method":"GET","time":0.002178584,"statusCode":200,"bytes":652,"Content-Encoding":[]}
{"level":"info","ts":1791005308.5988421,"caller":"logger/logger.go:23","msg":"request data","uri":"/","method":"GET","time":0.002261583,"statusCode":200,"bytes":652,"Content-Encoding":[]}
{"level":"info","ts":1791005308.598923,"caller":"logger/logger.go:23","msg":"request data","uri":"/","method":"GET","time":0.000095333,"statusCode":200,"bytes":652,"Content-Encoding":[]}
{"level":"info","ts":1791005308.598926,"caller":"logger/logger.go:23","msg":"request data","uri":"/","method":"GET","time":0.002313875,"statusCode":200,"bytes":652,"Content-Encoding":[]}
{"level":"info","ts":1791005308.5989609,"caller":"logger/logger.go:23","msg":"request data","uri":"/","method":"GET","time":0.000145291,"statusCode":200,"bytes":652,"Content-Encoding":[]}
{"level":"info","ts":1791005308.5990028,"caller":"logger/logger.go:23","msg":"request data","uri":"/value/gauge/temperature","method":"GET","time":0.000026625,"statusCode":200,"bytes":28,"Content-Encoding":[]}
{"level":"info","ts":1791005308.599023,"caller":"logger/logger.go:23","msg":"request data","uri":"/value/gauge/temperature","method":"GET","time":0.000147333,"statusCode":200,"bytes":28,"Content-Encoding":[]}
{"level":"info","ts":1791005308.599045,"caller":"logger/logger.go:23","msg":"request data","uri":"/value/gauge/temperature","method":"GET","time":0.000024959,"statusCode":200,"bytes":28,"Content-Encoding":[]}
{"level":"info","ts":1791005308.599102,"caller":"logger/logger.go:23","msg":"request data","uri":"/","method":"GET","time":0.002526834,"statusCode":200,"bytes":652,"Content-Encoding":[]}
{"level":"info","ts":1791005308.599124,"caller":"logger/logger.go:23","msg":"request data","uri":"/value/gauge/temperature","method":"GET","time":0.000208375,"statusCode":200,"bytes":28,"Content-Encoding":[]}
{"level":"info","ts":1791005308.599127,"caller":"logger/logger.go:23","msg":"request data","uri":"/","method":"GET","time":0.002639291,"statusCode":200,"bytes":652,"Content-Encoding":[]}
{"level":"info","ts":1791005308.599135,"caller":"logger/logger.go:23","msg":"request data","uri":"/value/gauge/temperature","method":"GET","time":0.000044666,"statusCode":200,"bytes":28,"Content-Encoding":[]}
{"level":"info","ts":1791005308.599128,"caller":"logger/logger.go:23","msg":"request data","uri":"/","method":"GET","time":0.000189209,"statusCode":200,"bytes":652,"Content-Encoding":[]}
{"level":"info","ts":1791005308.599136,"caller":"logger/logger.go:23","msg":"request data","uri":"/value/gauge/temperature","method":"GET","time":0.000260333,"statusCode":200,"bytes":28,"Content-Encoding":[]}
{"level":"info","ts":1791005308.5992131,"caller":"logger/logger.go:23","msg":"request data","uri":"/","method":"GET","time":0.000370959,"statusCode":200,"bytes":652,"Content-Encoding":[]}
{"level":"info","ts":1791005308.599309,"caller":"logger/logger.go:23","msg":"request data","uri":"/","method":"GET","time":0.000130125,"statusCode":200,"bytes":652,"Content-Encoding":[]}
{"level":"info","ts":1791005308.59933,"caller":"logger/logger.go:23","msg":"request data","uri":"/value/gauge/temperature","method":"GET","time":0.000120916,"statusCode":200,"bytes":28,"Content-Encoding":[]}
{"level":"info","ts":1791005308.599353,"caller":"logger/logger.go:23","msg":"request data","uri":"/value/gauge/temperature","method":"GET","time":0.000081625,"statusCode":200,"bytes":28,"Content-Encoding":[]}
{"level":"info","ts":1791005308.599376,"caller":"logger/logger.go:23","msg":"request data","uri":"/value/gauge/temperature","method":"GET","time":0.000138042,"statusCode":200,"bytes":28,"Content-Encoding":[]}
{"level":"info","ts":1791005308.599487,"caller":"logger/logger.go:23","msg":"request data","uri":"/update/gauge/load_update_url_gauge/25.5","method":"POST","time":0.00485725,"statusCode":200,"bytes":23,"Content-Encoding":[]}
{"level":"info","ts":1791005308.599502,"caller":"logger/logger.go:23","msg":"request data","uri":"/update","method":"POST","time":0.004833125,"statusCode":200,"bytes":23,"Content-Encoding":[]}
{"level":"info","ts":1791005308.599515,"caller":"logger/logger.go:23","msg":"request data","uri":"/update","method":"POST","time":0.004764292,"statusCode":200,"bytes":23,"Content-Encoding":[]}
{"level":"info","ts":1791005308.59953,"caller":"logger/logger.go:23","msg":"request data","uri":"/update/gauge/load_update_url_gauge/25.5","method":"POST","time":0.004744792,"statusCode":200,"bytes":23,"Content-Encoding":[]}
{"level":"info","ts":1791005308.599544,"caller":"logger/logger.go:23","msg":"request data","uri":"/update/gauge/load_update_url_gauge/25.5","method":"POST","time":0.004676708,"statusCode":200,"bytes":23,"Content-Encoding":[]}
{"level":"info","ts":1791005308.5995588,"caller":"logger/logger.go:23","msg":"request data","uri":"/update","method":"POST","time":0.004655666,"statusCode":200,"bytes":23,"Content-Encoding":[]}
{"level":"info","ts":1791005308.599574,"caller":"logger/logger.go:23","msg":"request data","uri":"/update","method":"POST","time":0.004637084,"statusCode":200,"bytes":23,"Content-Encoding":[]}
{"level":"info","ts":1791005308.599586,"caller":"logger/logger.go:23","msg":"request data","uri":"/update","method":"POST","time":0.003438708,"statusCode":200,"bytes":23,"Content-Encoding":[]}
{"level":"info","ts":1791005308.5995939,"caller":"logger/logger.go:23","msg":"request data","uri":"/update/gauge/load_update_url_gauge/25.5","method":"POST","time":0.002983458,"statusCode":200,"bytes":23,"Content-Encoding":[]}
{"level":"info","ts":1791005308.5996008,"caller":"logger/logger.go:23","msg":"request data","uri":"/update/gauge/load_update_url_gauge/25.5","method":"POST","time":0.004532291,"statusCode":200,"bytes":23,"Content-Encoding":[]}
{"level":"info","ts":1791005308.5996082,"caller":"logger/logger.go:23","msg":"request data","uri":"/update","method":"POST","time":0.002976,"statusCode":200,"bytes":23,"Content-Encoding":[]}
{"level":"info","ts":1791005308.599626,"caller":"logger/logger.go:23","msg":"request data","uri":"/update/gauge/load_update_url_gauge/25.5","method":"POST","time":0.002971333,"statusCode":200,"bytes":23,"Content-Encoding":[]}
{"level":"info","ts":1791005308.599634,"caller":"logger/logger.go:23","msg":"request data","uri":"/update","method":"POST","time":0.004557583,"statusCode":200,"bytes":23,"Content-Encoding":[]}
{"level":"info","ts":1791005308.599641,"caller":"logger/logger.go:23","msg":"request data","uri":"/update/gauge/load_update_url_gauge/25.5","method":"POST","time":0.002975542,"statusCode":200,"bytes":23,"Content-Encoding":[]}
{"level":"info","ts":1791005308.599651,"caller":"logger/logger.go:23","msg":"request data","uri":"/update/gauge/load_update_url_gauge/25.5","method":"POST","time":0.003999917,"statusCode":200,"bytes":23,"Content-Encoding":[]}
{"level":"info","ts":1791005308.599658,"caller":"logger/logger.go:23","msg":"request data","uri":"/update","method":"POST","time":0.0029895,"statusCode":200,"bytes":23,"Content-Encoding":[]}
{"level":"info","ts":1791005308.5996642,"caller":"logger/logger.go:23","msg":"request data","uri":"/update/gauge/load_update_url_gauge/25.5","method":"POST","time":0.0046675,"statusCode":200,"bytes":23,"Content-Encoding":[]}
{"level":"info","ts":1791005308.599675,"caller":"logger/logger.go:23","msg":"request data","uri":"/update","method":"POST","time":0.003014,"statusCode":200,"bytes":23,"Content-Encoding":[]}
{"level":"info","ts":1791005308.5996659,"caller":"logger/logger.go:23","msg":"request data","uri":"/update/gauge/load_update_url_gauge/25.5","method":"POST","time":0.003861125,"statusCode":200,"bytes":23,"Content-Encoding":[]}
{"level":"info","ts":1791005308.5996559,"caller":"logger/logger.go:23","msg":"request data","uri":"/update/gauge/load_update_url_gauge/25.5","method":"POST","time":0.004680875,"statusCode":200,"bytes":23,"Content-Encoding":[]}
{"level":"info","ts":1791005308.599589,"caller":"logger/logger.go:23","msg":"request data","uri":"/update/gauge/load_update_url_gauge/25.5","method":"POST","time":0.003012541,"statusCode":200,"bytes":23,"Content-Encoding":[]}
{"level":"info","ts":1791005308.6075919,"caller":"logger/logger.go:23","msg":"request data","uri":"/value/","method":"POST","time":0.001701666,"statusCode":200,"bytes":70,"Content-Encoding":[]}
{"level":"info","ts":1791005308.6089978,"caller":"logger/logger.go:23","msg":"request data","uri":"/update/gauge/load_update_url_gauge/25.5","method":"POST","time":0.006525834,"statusCode":200,"bytes":23,"Content-Encoding":[]}
{"level":"info","ts":1791005308.614134,"caller":"logger/logger.go:23","msg":"request data","uri":"/update/gauge/load_update_url_gauge/25.5","method":"POST","time":0.002962041,"statusCode":200,"bytes":23,"Content-Encoding":[]}
{"level":"info","ts":1791005308.62236,"caller":"logger/logger.go:23","msg":"request data","uri":"/value/","method":"POST","time":0.003674917,"statusCode":200,"bytes":70,"Content-Encoding":[]}
{"level":"info","ts":1791005308.628247,"caller":"logger/logger.go:23","msg":"request data","uri":"/value/gauge/temperature","method":"GET","time":0.00312325,"statusCode":200,"bytes":28,"Content-Encoding":[]}
{"level":"info","ts":1791005308.632378,"caller":"logger/logger.go:23","msg":"request data","uri":"/value/gauge/temperature","method":"GET","time":0.000025375,"statusCode":200,"bytes":28,"Content-Encoding":[]}
{"level":"info","ts":1791005308.637842,"caller":"logger/logger.go:23","msg":"request data","uri":"/value/gauge/temperature","method":"GET","time":0.002645375,"statusCode":200,"bytes":28,"Content-Encoding":[]}
{"level":"info","ts":1791005308.6460009,"caller":"logger/logger.go:23","msg":"request data","uri":"/value/","method":"POST","time":0.001844792,"statusCode":200,"bytes":70,"Content-Encoding":[]}
{"level":"info","ts":1791005308.650367,"caller":"logger/logger.go:23","msg":"request data","uri":"/value/","method":"POST","time":0.000029166,"statusCode":200,"bytes":70,"Content-Encoding":[]}
{"level":"info","ts":1791005308.65536,"caller":"logger/logger.go:23","msg":"request data","uri":"/","method":"GET","time":0.001687125,"statusCode":200,"bytes":651,"Content-Encoding":[]}
{"level":"info","ts":1791005308.659255,"caller":"logger/logger.go:23","msg":"request data","uri":"/","method":"GET","time":0.001517834,"statusCode":200,"bytes":652,"Content-Encoding":[]}
{"level":"info","ts":1791005308.663336,"caller":"logger/logger.go:23","msg":"request data","uri":"/value/","method":"POST","time":0.00021175,"statusCode":200,"bytes":70,"Content-Encoding":[]}
{"level":"info","ts":1791005308.668226,"caller":"logger/logger.go:23","msg":"request data","uri":"/","method":"GET","time":0.00222625,"statusCode":200,"bytes":652,"Content-Encoding":[]}
{"level":"info","ts":1791005308.67184,"caller":"logger/logger.go:23","msg":"request data","uri":"/value/","method":"POST","time":0.001214333,"statusCode":200,"bytes":70,"Content-Encoding":[]}
{"level":"info","ts":1791005308.675362,"caller":"logger/logger.go:23","msg":"request data","uri":"/value/","method":"POST","time":0.00003525,"statusCode":200,"bytes":70,"Content-Encoding":[]}
{"level":"info","ts":1791005308.68015,"caller":"logger/logger.go:23","msg":"request data","uri":"/value/","method":"POST","time":0.000048584,"statusCode":200,"bytes":70,"Content-Encoding":[]}
{"level":"info","ts":1791005308.683615,"caller":"logger/logger.go:23","msg":"request data","uri":"/value/","method":"POST","time":0.000049458,"statusCode":200,"bytes":70,"Content-Encoding":[]}
{"level":"info","ts":1791005308.686612,"caller":"logger/logger.go:23","msg":"request data","uri":"/value/gauge/temperature","method":"GET","time":0.000870292,"statusCode":200,"bytes":28,"Content-Encoding":[]}
{"level":"info","ts":1791005308.691778,"caller":"logger/logger.go:23","msg":"request data","uri":"/value/","method":"POST","time":0.000882042,"statusCode":200,"bytes":70,"Content-Encoding":[]}
{"level":"info","ts":1791005308.695874,"caller":"logger/logger.go:23","msg":"request data","uri":"/","method":"GET","time":0.000101541,"statusCode":200,"bytes":653,"Content-Encoding":[]}
{"level":"info","ts":1791005308.700166,"caller":"logger/logger.go:23","msg":"request data","uri":"/value/","method":"POST","time":0.001986292,"statusCode":200,"bytes":70,"Content-Encoding":[]}
{"level":"info","ts":1791005308.702954,"caller":"logger/logger.go:23","msg":"request data","uri":"/value/","method":"POST","time":0.000031333,"statusCode":200,"bytes":70,"Content-Encoding":[]}
{"level":"info","ts":1791005308.7062569,"caller":"logger/logger.go:23","msg":"request data","uri":"/value/","method":"POST","time":0.001773375,"statusCode":200,"bytes":70,"Content-Encoding":[]}
{"level":"info","ts":1791005308.709549,"caller":"logger/logger.go:23","msg":"request data","uri":"/update/gauge/load_update_url_gauge/25.5","method":"POST","time":0.010111542,"statusCode":200,"bytes":23,"Content-Encoding":[]}
{"level":"info","ts":1791005308.715887,"caller":"logger/logger.go:23","msg":"request data","uri":"/","method":"GET","time":0.003809625,"statusCode":200,"bytes":653,"Content-Encoding":[]}
{"level":"info","ts":1791005308.718753,"caller":"logger/logger.go:23","msg":"request data","uri":"/value/","method":"POST","time":0.00064375,"statusCode":200,"bytes":70,"Content-Encoding":[]}
{"level":"info","ts":1791005308.722511,"caller":"logger/logger.go:23","msg":"request data","uri":"/update/gauge/load_update_url_gauge/25.5","method":"POST","time":0.005372583,"statusCode":200,"bytes":23,"Content-Encoding":[]}
{"level":"info","ts":1791005308.726689,"caller":"logger/logger.go:23","msg":"request data","uri":"/","method":"GET","time":0.001630542,"statusCode":200,"bytes":653,"Content-Encoding":[]}
{"level":"info","ts":1791005308.73141,"caller":"logger/logger.go:23","msg":"request data","uri":"/value/gauge/temperature","method":"GET","time":0.002785542,"statusCode":200,"bytes":28,"Content-Encoding":[]}
{"level":"info","ts":1791005308.7386382,"caller":"logger/logger.go:23","msg":"request data","uri":"/value/gauge/temperature","method":"GET","time":0.002872,"statusCode":200,"bytes":28,"Content-Encoding":[]}
{"level":"info","ts":1791005308.739552,"caller":"logger/logger.go:23","msg":"request data","uri":"/update","method":"POST","time":0.010105084,"statusCode":200,"bytes":23,"Content-Encoding":[]}
{"level":"info","ts":1791005308.74819,"caller":"logger/logger.go:23","msg":"request data","uri":"/value/gauge/temperature","method":"GET","time":0.001922208,"statusCode":200,"bytes":28,"Content-Encoding":[]}
{"level":"info","ts":1791005308.749964,"caller":"logger/logger.go:23","msg":"request data","uri":"/update","method":"POST","time":0.008671417,"statusCode":200,"bytes":23,"Content-Encoding":[]}
{"level":"info","ts":1791005308.757856,"caller":"logger/logger.go:23","msg":"request data","uri":"/","method":"GET","time":0.001790458,"statusCode":200,"bytes":650,"Content-Encoding":[]}
{"level":"info","ts":1791005308.7592661,"caller":"logger/logger.go:23","msg":"request data","uri":"/update","method":"POST","time":0.008284333,"statusCode":200,"bytes":23,"Content-Encoding":[]}
{"level":"info","ts":1791005308.765028,"caller":"logger/logger.go:23","msg":"request data","uri":"/update/gauge/load_update_url_gauge/25.5","method":"POST","time":0.005215083,"statusCode":200,"bytes":23,"Content-Encoding":[]}
{"level":"info","ts":1791005308.77473,"caller":"logger/logger.go:23","msg":"request data","uri":"/value/gauge/temperature","method":"GET","time":0.004223792,"statusCode":200,"bytes":28,"Content-Encoding":[]}
{"level":"info","ts":1791005308.77964,"caller":"logger/logger.go:23","msg":"request data","uri":"/value/","method":"POST","time":0.003478208,"statusCode":200,"bytes":70,"Content-Encoding":[]}
{"level":"info","ts":1791005308.7809658,"caller":"logger/logger.go:23","msg":"request data","uri":"/update/gauge/load_update_url_gauge/25.5","method":"POST","time":0.012684875,"statusCode":200,"bytes":23,"Content-Encoding":[]}
{"level":"info","ts":1791005308.790397,"caller":"logger/logger.go:23","msg":"request data","uri":"/value/gauge/temperature","method":"GET","time":0.003565125,"statusCode":200,"bytes":28,"Content-Encoding":[]}
{"level":"info","ts":1791005308.8218,"caller":"logger/logger.go:23","msg":"request data","uri":"/value/gauge/temperature","method":"GET","time":0.026204625,"statusCode":200,"bytes":28,"Content-Encoding":[]}
{"level":"info","ts":1791005308.8484669,"caller":"logger/logger.go:23","msg":"request data","uri":"/value/","method":"POST","time":0.000042667,"statusCode":200,"bytes":70,"Content-Encoding":[]}
{"level":"info","ts":1791005308.8882182,"caller":"logger/logger.go:23","msg":"request data","uri":"/","method":"GET","time":0.005940959,"statusCode":200,"bytes":652,"Content-Encoding":[]}
{"level":"info","ts":1791005308.890293,"caller":"logger/logger.go:23","msg":"request data","uri":"/update","method":"POST","time":0.043726709,"statusCode":200,"bytes":23,"Content-Encoding":[]}
{"level":"info","ts":1791005308.899114,"caller":"logger/logger.go:23","msg":"request data","uri":"/value/","method":"POST","time":0.000466792,"statusCode":200,"bytes":70,"Content-Encoding":[]}
{"level":"info","ts":1791005308.9143271,"caller":"logger/logger.go:23","msg":"request data","uri":"/","method":"GET","time":0.004948375,"statusCode":200,"bytes":651,"Content-Encoding":[]}
{"level":"info","ts":1791005308.9212701,"caller":"logger/logger.go:23","msg":"request data","uri":"/value/","method":"POST","time":0.002795917,"statusCode":200,"bytes":70,"Content-Encoding":[]}
{"level":"info","ts":1791005308.927454,"caller":"logger/logger.go:23","msg":"request data","uri":"/value/","method":"POST","time":0.004234916,"statusCode":200,"bytes":70,"Content-Encoding":[]}
{"level":"info","ts":1791005308.943282,"caller":"logger/logger.go:23","msg":"request data","uri":"/value/","method":"POST","time":0.005639417,"statusCode":200,"bytes":70,"Content-Encoding":[]}
{"level":"info","ts":1791005308.958623,"caller":"logger/logger.go:23","msg":"request data","uri":"/","method":"GET","time":0.010933334,"statusCode":200,"bytes":653,"Content-Encoding":[]}
{"level":"info","ts":1791005308.965024,"caller":"logger/logger.go:23","msg":"request data","uri":"/","method":"GET","time":0.000098458,"statusCode":200,"bytes":651,"Content-Encoding":[]}
{"level":"info","ts":1791005308.972076,"caller":"logger/logger.go:23","msg":"request data","uri":"/value/","method":"POST","time":0.000724125,"statusCode":200,"bytes":70,"Content-Encoding":[]}
{"level":"info","ts":1791005308.9776251,"caller":"logger/logger.go:23","msg":"request data","uri":"/value/","method":"POST","time":0.000031834,"statusCode":200,"bytes":70,"Content-Encoding":[]}
{"level":"info","ts":1791005308.981476,"caller":"logger/logger.go:23","msg":"request data","uri":"/update","method":"POST","time":0.00758225,"statusCode":200,"bytes":23,"Content-Encoding":[]}
{"level":"info","ts":1791005308.991123,"caller":"logger/logger.go:23","msg":"request data","uri":"/value/gauge/temperature","method":"GET","time":0.00247325,"statusCode":200,"bytes":28,"Content-Encoding":[]}
{"level":"info","ts":1791005308.999603,"caller":"logger/logger.go:23","msg":"request data","uri":"/","method":"GET","time":0.003061625,"statusCode":200,"bytes":653,"Content-Encoding":[]}
{"level":"info","ts":1791005309.005725,"caller":"logger/logger.go:23","msg":"request data","uri":"/value/gauge/temperature","method":"GET","time":0.004636625,"statusCode":200,"bytes":28,"Content-Encoding":[]}
{"level":"info","ts":1791005309.015965,"caller":"logger/logger.go:23","msg":"request data","uri":"/value/","method":"POST","time":0.002275084,"statusCode":200,"bytes":70,"Content-Encoding":[]}
{"level":"info","ts":1791005309.023099,"caller":"logger/logger.go:23","msg":"request data","uri":"/","method":"GET","time":0.002732666,"statusCode":200,"bytes":652,"Content-Encoding":[]}
{"level":"info","ts":1791005309.032819,"caller":"logger/logger.go:23","msg":"request data","uri":"/","method":"GET","time":0.002280542,"statusCode":200,"bytes":652,"Content-Encoding":[]}
{"level":"info","ts":1791005309.041831,"caller":"logger/logger.go:23","msg":"request data","uri":"/updates/","method":"POST","time":0.005216417,"statusCode":200,"bytes":23,"Content-Encoding":[]}
2026/10/03 10:28:29 DB STATS: open=21 in_use=1 idle=20 wait_count=0 wait_duration=0s max_open=0
{"level":"info","ts":1791005309.0544121,"caller":"logger/logger.go:23","msg":"request data","uri":"/value/","method":"POST","time":0.001878333,"statusCode":200,"bytes":70,"Content-Encoding":[]}
{"level":"info","ts":1791005309.063322,"caller":"logger/logger.go:23","msg":"request data","uri":"/","method":"GET","time":0.002020292,"statusCode":200,"bytes":654,"Content-Encoding":[]}
{"level":"info","ts":1791005309.073809,"caller":"logger/logger.go:23","msg":"request data","uri":"/value/","method":"POST","time":0.008031958,"statusCode":200,"bytes":70,"Content-Encoding":[]}
{"level":"info","ts":1791005309.0824032,"caller":"logger/logger.go:23","msg":"request data","uri":"/","method":"GET","time":0.003115083,"statusCode":200,"bytes":653,"Content-Encoding":[]}
{"level":"info","ts":1791005309.0903401,"caller":"logger/logger.go:23","msg":"request data","uri":"/","method":"GET","time":0.002410625,"statusCode":200,"bytes":653,"Content-Encoding":[]}
{"level":"info","ts":1791005309.1085598,"caller":"logger/logger.go:23","msg":"request data","uri":"/","method":"GET","time":0.004176542,"statusCode":200,"bytes":652,"Content-Encoding":[]}
{"level":"info","ts":1791005309.116715,"caller":"logger/logger.go:23","msg":"request data","uri":"/","method":"GET","time":0.000120875,"statusCode":200,"bytes":652,"Content-Encoding":[]}
{"level":"info","ts":1791005309.123157,"caller":"logger/logger.go:23","msg":"request data","uri":"/","method":"GET","time":0.000586666,"statusCode":200,"bytes":653,"Content-Encoding":[]}
{"level":"info","ts":1791005309.133964,"caller":"logger/logger.go:23","msg":"request data","uri":"/update/gauge/load_update_url_gauge/25.5","method":"POST","time":0.010192792,"statusCode":200,"bytes":23,"Content-Encoding":[]}
{"level":"info","ts":1791005309.141066,"caller":"logger/logger.go:23","msg":"request data","uri":"/update/gauge/load_update_url_gauge/25.5","method":"POST","time":0.0032505,"statusCode":200,"bytes":23,"Content-Encoding":[]}
{"level":"info","ts":1791005309.148503,"caller":"logger/logger.go:23","msg":"request data","uri":"/update","method":"POST","time":0.006118042,"statusCode":200,"bytes":23,"Content-Encoding":[]}
{"level":"info","ts":1791005309.161414,"caller":"logger/logger.go:23","msg":"request data","uri":"/","method":"GET","time":0.000549792,"statusCode":200,"bytes":652,"Content-Encoding":[]}
{"level":"info","ts":1791005309.166788,"caller":"logger/logger.go:23","msg":"request data","uri":"/update/gauge/load_update_url_gauge/25.5","method":"POST","time":0.016053833,"statusCode":200,"bytes":23,"Content-Encoding":[]}
{"level":"info","ts":1791005309.1775901,"caller":"logger/logger.go:23","msg":"request data","uri":"/update","method":"POST","time":0.009037916,"statusCode":200,"bytes":23,"Content-Encoding":[]}
{"level":"info","ts":1791005309.186118,"caller":"logger/logger.go:23","msg":"request data","uri":"/update","method":"POST","time":0.006760208,"statusCode":200,"bytes":23,"Content-Encoding":[]}
{"level":"info","ts":1791005309.197481,"caller":"logger/logger.go:23","msg":"request data","uri":"/","method":"GET","time":0.001287542,"statusCode":200,"bytes":654,"Content-Encoding":[]}
{"level":"info","ts":1791005309.206469,"caller":"logger/logger.go:23","msg":"request data","uri":"/update/gauge/load_update_url_gauge/25.5","method":"POST","time":0.007017708,"statusCode":200,"bytes":23,"Content-Encoding":[]}
{"level":"info","ts":1791005309.213712,"caller":"logger/logger.go:23","msg":"request data","uri":"/update/gauge/load_update_url_gauge/25.5","method":"POST","time":0.005064666,"statusCode":200,"bytes":23,"Content-Encoding":[]}
{"level":"info","ts":1791005309.227638,"caller":"logger/logger.go:23","msg":"request data","uri":"/update/gauge/load_update_url_gauge/25.5","method":"POST","time":0.007202625,"statusCode":200,"bytes":23,"Content-Encoding":[]}
{"level":"info","ts":1791005309.2364779,"caller":"logger/logger.go:23","msg":"request data","uri":"/update","method":"POST","time":0.003888583,"statusCode":200,"bytes":23,"Content-Encoding":[]}
{"level":"info","ts":1791005309.2450528,"caller":"logger/logger.go:23","msg":"request data","uri":"/update","method":"POST","time":0.003129167,"statusCode":200,"bytes":23,"Content-Encoding":[]}
{"level":"info","ts":1791005309.269983,"caller":"logger/logger.go:23","msg":"request data","uri":"/update/gauge/load_update_url_gauge/25.5","method":"POST","time":0.017412208,"statusCode":200,"bytes":23,"Content-Encoding":[]}
{"level":"info","ts":1791005309.289866,"caller":"logger/logger.go:23","msg":"request data","uri":"/update/gauge/load_update_url_gauge/25.5","method":"POST","time":0.017933959,"statusCode":200,"bytes":23,"Content-Encoding":[]}
{"level":"info","ts":1791005309.3108969,"caller":"logger/logger.go:23","msg":"request data","uri":"/update","method":"POST","time":0.017809458,"statusCode":200,"bytes":23,"Content-Encoding":[]}
{"level":"info","ts":1791005309.320988,"caller":"logger/logger.go:23","msg":"request data","uri":"/updates/","method":"POST","time":0.02390825,"statusCode":200,"bytes":23,"Content-Encoding":[]}
{"level":"info","ts":1791005309.339303,"caller":"logger/logger.go:23","msg":"request data","uri":"/update/gauge/load_update_url_gauge/25.5","method":"POST","time":0.001963375,"statusCode":200,"bytes":23,"Content-Encoding":[]}
{"level":"info","ts":1791005309.369087,"caller":"logger/logger.go:23","msg":"request data","uri":"/update/gauge/load_update_url_gauge/25.5","method":"POST","time":0.014751583,"statusCode":200,"bytes":23,"Content-Encoding":[]}
{"level":"info","ts":1791005309.409597,"caller":"logger/logger.go:23","msg":"request data","uri":"/update","method":"POST","time":0.03651,"statusCode":200,"bytes":23,"Content-Encoding":[]}
{"level":"info","ts":1791005309.446934,"caller":"logger/logger.go:23","msg":"request data","uri":"/update/gauge/load_update_url_gauge/25.5","method":"POST","time":0.030841875,"statusCode":200,"bytes":23,"Content-Encoding":[]}
{"level":"info","ts":1791005309.474821,"caller":"logger/logger.go:23","msg":"request data","uri":"/update","method":"POST","time":0.021695917,"statusCode":200,"bytes":23,"Content-Encoding":[]}
{"level":"info","ts":1791005309.4966369,"caller":"logger/logger.go:23","msg":"request data","uri":"/update/gauge/load_update_url_gauge/25.5","method":"POST","time":0.001023292,"statusCode":200,"bytes":23,"Content-Encoding":[]}
{"level":"info","ts":1791005309.517916,"caller":"logger/logger.go:23","msg":"request data","uri":"/update/gauge/load_update_url_gauge/25.5","method":"POST","time":0.003655833,"statusCode":200,"bytes":23,"Content-Encoding":[]}
{"level":"info","ts":1791005309.555153,"caller":"logger/logger.go:23","msg":"request data","uri":"/update/gauge/load_update_url_gauge/25.5","method":"POST","time":0.006763208,"statusCode":200,"bytes":23,"Content-Encoding":[]}
{"level":"info","ts":1791005309.598996,"caller":"logger/logger.go:23","msg":"request data","uri":"/updates/","method":"POST","time":0.046861833,"statusCode":200,"bytes":23,"Content-Encoding":[]}
{"level":"info","ts":1791005309.599554,"caller":"logger/logger.go:23","msg":"request data","uri":"/update","method":"POST","time":0.044119583,"statusCode":200,"bytes":23,"Content-Encoding":[]}
{"level":"info","ts":1791005309.5996,"caller":"logger/logger.go:23","msg":"request data","uri":"/update","method":"POST","time":0.044073917,"statusCode":200,"bytes":23,"Content-Encoding":[]}
{"level":"info","ts":1791005309.59966,"caller":"logger/logger.go:23","msg":"request data","uri":"/updates/","method":"POST","time":0.045088167,"statusCode":200,"bytes":23,"Content-Encoding":[]}
{"level":"info","ts":1791005309.600668,"caller":"logger/logger.go:23","msg":"request data","uri":"/update","method":"POST","time":0.045104917,"statusCode":200,"bytes":23,"Content-Encoding":[]}
{"level":"info","ts":1791005309.6007192,"caller":"logger/logger.go:23","msg":"request data","uri":"/update","method":"POST","time":0.045157375,"statusCode":200,"bytes":23,"Content-Encoding":[]}
{"level":"info","ts":1791005309.600768,"caller":"logger/logger.go:23","msg":"request data","uri":"/update","method":"POST","time":0.045184042,"statusCode":200,"bytes":23,"Content-Encoding":[]}
{"level":"info","ts":1791005309.60079,"caller":"logger/logger.go:23","msg":"request data","uri":"/update","method":"POST","time":0.045186417,"statusCode":200,"bytes":23,"Content-Encoding":[]}
{"level":"info","ts":1791005309.6008089,"caller":"logger/logger.go:23","msg":"request data","uri":"/updates/","method":"POST","time":0.074319125,"statusCode":200,"bytes":23,"Content-Encoding":[]}
{"level":"info","ts":1791005309.600827,"caller":"logger/logger.go:23","msg":"request data","uri":"/update","method":"POST","time":0.045184833,"statusCode":200,"bytes":23,"Content-Encoding":[]}
{"level":"info","ts":1791005309.600843,"caller":"logger/logger.go:23","msg":"request data","uri":"/update","method":"POST","time":0.045179708,"statusCode":200,"bytes":23,"Content-Encoding":[]}
{"level":"info","ts":1791005309.6008818,"caller":"logger/logger.go:23","msg":"request data","uri":"/update","method":"POST","time":0.000032042,"statusCode":200,"bytes":23,"Content-Encoding":[]}
{"level":"info","ts":1791005309.600885,"caller":"logger/logger.go:23","msg":"request data","uri":"/update","method":"POST","time":0.045197,"statusCode":200,"bytes":23,"Content-Encoding":[]}
{"level":"info","ts":1791005309.600938,"caller":"logger/logger.go:23","msg":"request data","uri":"/update","method":"POST","time":0.04522875,"statusCode":200,"bytes":23,"Content-Encoding":[]}
{"level":"info","ts":1791005309.600956,"caller":"logger/logger.go:23","msg":"request data","uri":"/update","method":"POST","time":0.045246291,"statusCode":200,"bytes":23,"Content-Encoding":[]}
{"level":"info","ts":1791005309.600951,"caller":"logger/logger.go:23","msg":"request data","uri":"/update","method":"POST","time":0.000033458,"statusCode":200,"bytes":23,"Content-Encoding":[]}
{"level":"info","ts":1791005309.600994,"caller":"logger/logger.go:23","msg":"request data","uri":"/update","method":"POST","time":0.0452945,"statusCode":200,"bytes":23,"Content-Encoding":[]}
{"level":"info","ts":1791005309.6010098,"caller":"logger/logger.go:23","msg":"request data","uri":"/update/gauge/load_update_url_gauge/25.5","method":"POST","time":0.045158792,"statusCode":200,"bytes":23,"Content-Encoding":[]}
{"level":"info","ts":1791005309.601033,"caller":"logger/logger.go:23","msg":"request data","uri":"/update/gauge/load_update_url_gauge/25.5","method":"POST","time":0.045159458,"statusCode":200,"bytes":23,"Content-Encoding":[]}
{"level":"info","ts":1791005309.601012,"caller":"logger/logger.go:23","msg":"request data","uri":"/update","method":"POST","time":0.000023667,"statusCode":200,"bytes":23,"Content-Encoding":[]}
{"level":"info","ts":1791005309.601063,"caller":"logger/logger.go:23","msg":"request data","uri":"/update/gauge/load_update_url_gauge/25.5","method":"POST","time":0.0448255,"statusCode":200,"bytes":23,"Content-Encoding":[]}
{"level":"info","ts":1791005309.601067,"caller":"logger/logger.go:23","msg":"request data","uri":"/update","method":"POST","time":0.000022833,"statusCode":200,"bytes":23,"Content-Encoding":[]}
{"level":"info","ts":1791005309.6010802,"caller":"logger/logger.go:23","msg":"request data","uri":"/update/gauge/load_update_url_gauge/25.5","method":"POST","time":0.044605833,"statusCode":200,"bytes":23,"Content-Encoding":[]}
{"level":"info","ts":1791005309.601096,"caller":"logger/logger.go:23","msg":"request data","uri":"/update/gauge/load_update_url_gauge/25.5","method":"POST","time":0.044587083,"statusCode":200,"bytes":23,"Content-Encoding":[]}
{"level":"info","ts":1791005309.60111,"caller":"logger/logger.go:23","msg":"request data","uri":"/update/gauge/load_update_url_gauge/25.5","method":"POST","time":0.044613125,"statusCode":200,"bytes":23,"Content-Encoding":[]}
{"level":"info","ts":1791005309.601125,"caller":"logger/logger.go:23","msg":"request data","uri":"/update/gauge/load_update_url_gauge/25.5","method":"POST","time":0.044580708,"statusCode":200,"bytes":23,"Content-Encoding":[]}
{"level":"info","ts":1791005309.60111,"caller":"logger/logger.go:23","msg":"request data","uri":"/update","method":"POST","time":0.000022375,"statusCode":200,"bytes":23,"Content-Encoding":[]}
{"level":"info","ts":1791005309.6011362,"caller":"logger/logger.go:23","msg":"request data","uri":"/update","method":"POST","time":0.000059084,"statusCode":200,"bytes":23,"Content-Encoding":[]}
{"level":"info","ts":1791005309.601145,"caller":"logger/logger.go:23","msg":"request data","uri":"/update","method":"POST","time":0.000028542,"statusCode":200,"bytes":23,"Content-Encoding":[]}
{"level":"info","ts":1791005309.601152,"caller":"logger/logger.go:23","msg":"request data","uri":"/update","method":"POST","time":0.00002425,"statusCode":200,"bytes":23,"Content-Encoding":[]}
{"level":"info","ts":1791005309.60116,"caller":"logger/logger.go:23","msg":"request data","uri":"/update/gauge/load_update_url_gauge/25.5","method":"POST","time":0.04459875,"statusCode":200,"bytes":23,"Content-Encoding":[]}
{"level":"info","ts":1791005309.601155,"caller":"logger/logger.go:23","msg":"request data","uri":"/update/gauge/load_update_url_gauge/25.5","method":"POST","time":0.044587417,"statusCode":200,"bytes":23,"Content-Encoding":[]}
{"level":"info","ts":1791005309.601177,"caller":"logger/logger.go:23","msg":"request data","uri":"/update/gauge/load_update_url_gauge/25.5","method":"POST","time":0.044596542,"statusCode":200,"bytes":23,"Content-Encoding":[]}
{"level":"info","ts":1791005309.601192,"caller":"logger/logger.go:23","msg":"request data","uri":"/update/gauge/load_update_url_gauge/25.5","method":"POST","time":0.044606583,"statusCode":200,"bytes":23,"Content-Encoding":[]}
{"level":"info","ts":1791005309.603269,"caller":"logger/logger.go:23","msg":"request data","uri":"/update","method":"POST","time":0.0020635,"statusCode":200,"bytes":23,"Content-Encoding":[]}
{"level":"info","ts":1791005309.603304,"caller":"logger/logger.go:23","msg":"request data","uri":"/update","method":"POST","time":0.0021145,"statusCode":200,"bytes":23,"Content-Encoding":[]}
{"level":"info","ts":1791005309.6033201,"caller":"logger/logger.go:23","msg":"request data","uri":"/update","method":"POST","time":0.00209425,"statusCode":200,"bytes":23,"Content-Encoding":[]}
{"level":"info","ts":1791005309.603374,"caller":"logger/logger.go:23","msg":"request data","uri":"/updates/","method":"POST","time":0.045886375,"statusCode":200,"bytes":23,"Content-Encoding":[]}
{"level":"info","ts":1791005309.604985,"caller":"logger/logger.go:23","msg":"request data","uri":"/updates/","method":"POST","time":0.042158125,"statusCode":200,"bytes":23,"Content-Encoding":[]}
{"level":"info","ts":1791005309.6062841,"caller":"logger/logger.go:23","msg":"request data","uri":"/updates/","method":"POST","time":0.042725208,"statusCode":200,"bytes":23,"Content-Encoding":[]}
{"level":"info","ts":1791005309.607247,"caller":"logger/logger.go:23","msg":"request data","uri":"/updates/","method":"POST","time":0.035600583,"statusCode":200,"bytes":23,"Content-Encoding":[]}
{"level":"info","ts":1791005309.60798,"caller":"logger/logger.go:23","msg":"request data","uri":"/updates/","method":"POST","time":0.03550575,"statusCode":200,"bytes":23,"Content-Encoding":[]}
{"level":"info","ts":1791005309.609015,"caller":"logger/logger.go:23","msg":"request data","uri":"/updates/","method":"POST","time":0.021306167,"statusCode":200,"bytes":23,"Content-Encoding":[]}
{"level":"info","ts":1791005309.609979,"caller":"logger/logger.go:23","msg":"request data","uri":"/updates/","method":"POST","time":0.021356125,"statusCode":200,"bytes":23,"Content-Encoding":[]}
{"level":"info","ts":1791005309.6105258,"caller":"logger/logger.go:23","msg":"request data","uri":"/updates/","method":"POST","time":0.021364167,"statusCode":200,"bytes":23,"Content-Encoding":[]}
{"level":"info","ts":1791005309.6113842,"caller":"logger/logger.go:23","msg":"request data","uri":"/updates/","method":"POST","time":0.021540041,"statusCode":200,"bytes":23,"Content-Encoding":[]}
{"level":"info","ts":1791005309.611948,"caller":"logger/logger.go:23","msg":"request data","uri":"/update/gauge/load_update_url_gauge/25.5","method":"POST","time":0.020724583,"statusCode":200,"bytes":23,"Content-Encoding":[]}
{"level":"info","ts":1791005309.612007,"caller":"logger/logger.go:23","msg":"request data","uri":"/updates/","method":"POST","time":0.021492042,"statusCode":200,"bytes":23,"Content-Encoding":[]}
{"level":"info","ts":1791005309.612976,"caller":"logger/logger.go:23","msg":"request data","uri":"/updates/","method":"POST","time":0.021665042,"statusCode":200,"bytes":23,"Content-Encoding":[]}
{"level":"info","ts":1791005309.613624,"caller":"logger/logger.go:23","msg":"request data","uri":"/updates/","method":"POST","time":0.021731791,"statusCode":200,"bytes":23,"Content-Encoding":[]}
{"level":"info","ts":1791005309.614333,"caller":"logger/logger.go:23","msg":"request data","uri":"/updates/","method":"POST","time":0.0216655,"statusCode":200,"bytes":23,"Content-Encoding":[]}
{"level":"info","ts":1791005309.615076,"caller":"logger/logger.go:23","msg":"request data","uri":"/updates/","method":"POST","time":0.021763833,"statusCode":200,"bytes":23,"Content-Encoding":[]}
{"level":"info","ts":1791005309.6158872,"caller":"logger/logger.go:23","msg":"request data","uri":"/updates/","method":"POST","time":0.021891167,"statusCode":200,"bytes":23,"Content-Encoding":[]}
{"level":"info","ts":1791005309.616456,"caller":"logger/logger.go:23","msg":"request data","uri":"/update/gauge/load_update_url_gauge/25.5","method":"POST","time":0.02177125,"statusCode":200,"bytes":23,"Content-Encoding":[]}
{"level":"info","ts":1791005309.616482,"caller":"logger/logger.go:23","msg":"request data","uri":"/update/gauge/load_update_url_gauge/25.5","method":"POST","time":0.021744125,"statusCode":200,"bytes":23,"Content-Encoding":[]}
{"level":"info","ts":1791005309.6165,"caller":"logger/logger.go:23","msg":"request data","uri":"/update/gauge/load_update_url_gauge/25.5","method":"POST","time":0.0217725,"statusCode":200,"bytes":23,"Content-Encoding":[]}
{"level":"info","ts":1791005309.616502,"caller":"logger/logger.go:23","msg":"request data","uri":"/updates/","method":"POST","time":0.02185775,"statusCode":200,"bytes":23,"Content-Encoding":[]}
{"level":"info","ts":1791005309.616535,"caller":"logger/logger.go:23","msg":"request data","uri":"/update/gauge/load_update_url_gauge/25.5","method":"POST","time":0.021806292,"statusCode":200,"bytes":23,"Content-Encoding":[]}
{"level":"info","ts":1791005309.616593,"caller":"logger/logger.go:23","msg":"request data","uri":"/update/gauge/load_update_url_gauge/25.5","method":"POST","time":0.021861625,"statusCode":200,"bytes":23,"Content-Encoding":[]}
{"level":"info","ts":1791005309.616609,"caller":"logger/logger.go:23","msg":"request data","uri":"/update/gauge/load_update_url_gauge/25.5","method":"POST","time":0.021791792,"statusCode":200,"bytes":23,"Content-Encoding":[]}
{"level":"info","ts":1791005309.6165812,"caller":"logger/logger.go:23","msg":"request data","uri":"/update/gauge/load_update_url_gauge/25.5","method":"POST","time":0.021846375,"statusCode":200,"bytes":23,"Content-Encoding":[]}
{"level":"info","ts":1791005309.61663,"caller":"logger/logger.go:23","msg":"request data","uri":"/update/gauge/load_update_url_gauge/25.5","method":"POST","time":0.019185083,"statusCode":200,"bytes":23,"Content-Encoding":[]}
{"level":"info","ts":1791005309.616651,"caller":"logger/logger.go:23","msg":"request data","uri":"/update","method":"POST","time":0.018863792,"statusCode":200,"bytes":23,"Content-Encoding":[]}
{"level":"info","ts":1791005309.617959,"caller":"logger/logger.go:23","msg":"request data","uri":"/update/gauge/load_update_url_gauge/25.5","method":"POST","time":0.001312375,"statusCode":200,"bytes":23,"Content-Encoding":[]}
{"level":"info","ts":1791005309.618083,"caller":"logger/logger.go:23","msg":"request data","uri":"/updates/","method":"POST","time":0.0204285,"statusCode":200,"bytes":23,"Content-Encoding":[]}
{"level":"info","ts":1791005309.618919,"caller":"logger/logger.go:23","msg":"request data","uri":"/update","method":"POST","time":0.020842042,"statusCode":200,"bytes":23,"Content-Encoding":[]}
{"level":"info","ts":1791005309.618944,"caller":"logger/logger.go:23","msg":"request data","uri":"/update","method":"POST","time":0.020852542,"statusCode":200,"bytes":23,"Content-Encoding":[]}
{"level":"info","ts":1791005309.61896,"caller":"logger/logger.go:23","msg":"request data","uri":"/update","method":"POST","time":0.020842875,"statusCode":200,"bytes":23,"Content-Encoding":[]}
{"level":"info","ts":1791005309.618994,"caller":"logger/logger.go:23","msg":"request data","uri":"/update","method":"POST","time":0.020860625,"statusCode":200,"bytes":23,"Content-Encoding":[]}
{"level":"info","ts":1791005309.619016,"caller":"logger/logger.go:23","msg":"request data","uri":"/updates/","method":"POST","time":0.002364667,"statusCode":200,"bytes":23,"Content-Encoding":[]}
{"level":"info","ts":1791005309.619019,"caller":"logger/logger.go:23","msg":"request data","uri":"/update","method":"POST","time":0.020866625,"statusCode":200,"bytes":23,"Content-Encoding":[]}
{"level":"info","ts":1791005309.6197581,"caller":"logger/logger.go:23","msg":"request data","uri":"/update","method":"POST","time":0.020054,"statusCode":200,"bytes":23,"Content-Encoding":[]}
{"level":"info","ts":1791005309.619782,"caller":"logger/logger.go:23","msg":"request data","uri":"/update","method":"POST","time":0.020038542,"statusCode":200,"bytes":23,"Content-Encoding":[]}
{"level":"info","ts":1791005309.61984,"caller":"logger/logger.go:23","msg":"request data","uri":"/updates/","method":"POST","time":0.020609459,"statusCode":200,"bytes":23,"Content-Encoding":[]}
{"level":"info","ts":1791005309.620791,"caller":"logger/logger.go:23","msg":"request data","uri":"/update","method":"POST","time":0.019577333,"statusCode":200,"bytes":23,"Content-Encoding":[]}
{"level":"info","ts":1791005309.620822,"caller":"logger/logger.go:23","msg":"request data","uri":"/update","method":"POST","time":0.019574708,"statusCode":200,"bytes":23,"Content-Encoding":[]}
{"level":"info","ts":1791005309.620854,"caller":"logger/logger.go:23","msg":"request data","uri":"/update","method":"POST","time":0.058090875,"statusCode":200,"bytes":23,"Content-Encoding":[]}
{"level":"info","ts":1791005309.6208608,"caller":"logger/logger.go:23","msg":"request data","uri":"/updates/","method":"POST","time":0.021003916,"statusCode":200,"bytes":23,"Content-Encoding":[]}
{"level":"info","ts":1791005309.620893,"caller":"logger/logger.go:23","msg":"request data","uri":"/update","method":"POST","time":0.019628042,"statusCode":200,"bytes":23,"Content-Encoding":[]}
{"level":"info","ts":1791005309.622011,"caller":"logger/logger.go:23","msg":"request data","uri":"/update","method":"POST","time":0.020739709,"statusCode":200,"bytes":23,"Content-Encoding":[]}
{"level":"info","ts":1791005309.6220381,"caller":"logger/logger.go:23","msg":"request data","uri":"/update","method":"POST","time":0.020266166,"statusCode":200,"bytes":23,"Content-Encoding":[]}
{"level":"info","ts":1791005309.6220548,"caller":"logger/logger.go:23","msg":"request data","uri":"/update","method":"POST","time":0.020248667,"statusCode":200,"bytes":23,"Content-Encoding":[]}
{"level":"info","ts":1791005309.6220732,"caller":"logger/logger.go:23","msg":"request data","uri":"/update/gauge/load_update_url_gauge/25.5","method":"POST","time":0.020098958,"statusCode":200,"bytes":23,"Content-Encoding":[]}
{"level":"info","ts":1791005309.622085,"caller":"logger/logger.go:23","msg":"request data","uri":"/update","method":"POST","time":0.020101875,"statusCode":200,"bytes":23,"Content-Encoding":[]}
{"level":"info","ts":1791005309.622109,"caller":"logger/logger.go:23","msg":"request data","uri":"/update/gauge/load_update_url_gauge/25.5","method":"POST","time":0.019750375,"statusCode":200,"bytes":23,"Content-Encoding":[]}
{"level":"info","ts":1791005309.62212,"caller":"logger/logger.go:23","msg":"request data","uri":"/updates/","method":"POST","time":0.020874542,"statusCode":200,"bytes":23,"Content-Encoding":[]}
{"level":"info","ts":1791005309.622137,"caller":"logger/logger.go:23","msg":"request data","uri":"/update/gauge/load_update_url_gauge/25.5","method":"POST","time":0.019736375,"statusCode":200,"bytes":23,"Content-Encoding":[]}
{"level":"info","ts":1791005309.622163,"caller":"logger/logger.go:23","msg":"request data","uri":"/update/gauge/load_update_url_gauge/25.5","method":"POST","time":0.019757625,"statusCode":200,"bytes":23,"Content-Encoding":[]}
{"level":"info","ts":1791005309.622168,"caller":"logger/logger.go:23","msg":"request data","uri":"/update","method":"POST","time":0.000025583,"statusCode":200,"bytes":23,"Content-Encoding":[]}
{"level":"info","ts":1791005309.622187,"caller":"logger/logger.go:23","msg":"request data","uri":"/update/gauge/load_update_url_gauge/25.5","method":"POST","time":0.019649083,"statusCode":200,"bytes":23,"Content-Encoding":[]}
{"level":"info","ts":1791005309.62221,"caller":"logger/logger.go:23","msg":"request data","uri":"/update/gauge/load_update_url_gauge/25.5","method":"POST","time":0.019661084,"statusCode":200,"bytes":23,"Content-Encoding":[]}
{"level":"info","ts":1791005309.622217,"caller":"logger/logger.go:23","msg":"request data","uri":"/update","method":"POST","time":0.000028792,"statusCode":200,"bytes":23,"Content-Encoding":[]}
{"level":"info","ts":1791005309.6222231,"caller":"logger/logger.go:23","msg":"request data","uri":"/update","method":"POST","time":0.000026542,"statusCode":200,"bytes":23,"Content-Encoding":[]}
{"level":"info","ts":1791005309.622232,"caller":"logger/logger.go:23","msg":"request data","uri":"/update/gauge/load_update_url_gauge/25.5","method":"POST","time":0.019657292,"statusCode":200,"bytes":23,"Content-Encoding":[]}
{"level":"info","ts":1791005309.622242,"caller":"logger/logger.go:23","msg":"request data","uri":"/update/gauge/load_update_url_gauge/25.5","method":"POST","time":0.019663125,"statusCode":200,"bytes":23,"Content-Encoding":[]}
{"level":"info","ts":1791005309.622252,"caller":"logger/logger.go:23","msg":"request data","uri":"/update","method":"POST","time":0.000030917,"statusCode":200,"bytes":23,"Content-Encoding":[]}
{"level":"info","ts":1791005309.622261,"caller":"logger/logger.go:23","msg":"request data","uri":"/update/gauge/load_update_url_gauge/25.5","method":"POST","time":0.019679584,"statusCode":200,"bytes":23,"Content-Encoding":[]}
{"level":"info","ts":1791005309.622277,"caller":"logger/logger.go:23","msg":"request data","uri":"/update/gauge/load_update_url_gauge/25.5","method":"POST","time":0.0196645,"statusCode":200,"bytes":23,"Content-Encoding":[]}
{"level":"info","ts":1791005309.622296,"caller":"logger/logger.go:23","msg":"request data","uri":"/update/gauge/load_update_url_gauge/25.5","method":"POST","time":0.019666583,"statusCode":200,"bytes":23,"Content-Encoding":[]}
{"level":"info","ts":1791005309.622314,"caller":"logger/logger.go:23","msg":"request data","uri":"/update","method":"POST","time":0.018790833,"statusCode":200,"bytes":23,"Content-Encoding":[]}
{"level":"info","ts":1791005309.652983,"caller":"logger/logger.go:23","msg":"request data","uri":"/updates/","method":"POST","time":0.01776625,"statusCode":200,"bytes":23,"Content-Encoding":[]}
{"level":"info","ts":1791005309.671568,"caller":"logger/logger.go:23","msg":"request data","uri":"/update","method":"POST","time":0.015878584,"statusCode":200,"bytes":23,"Content-Encoding":[]}
{"level":"info","ts":1791005309.703993,"caller":"logger/logger.go:23","msg":"request data","uri":"/updates/","method":"POST","time":0.018056458,"statusCode":200,"bytes":23,"Content-Encoding":[]}
{"level":"info","ts":1791005309.724612,"caller":"logger/logger.go:23","msg":"request data","uri":"/update","method":"POST","time":0.017475625,"statusCode":200,"bytes":23,"Content-Encoding":[]}
{"level":"info","ts":1791005309.7444139,"caller":"logger/logger.go:23","msg":"request data","uri":"/update/gauge/load_update_url_gauge/25.5","method":"POST","time":0.001581583,"statusCode":200,"bytes":23,"Content-Encoding":[]}
{"level":"info","ts":1791005309.785882,"caller":"logger/logger.go:23","msg":"request data","uri":"/update","method":"POST","time":0.000031959,"statusCode":200,"bytes":23,"Content-Encoding":[]}
{"level":"info","ts":1791005309.8070772,"caller":"logger/logger.go:23","msg":"request data","uri":"/update/gauge/load_update_url_gauge/25.5","method":"POST","time":0.01681625,"statusCode":200,"bytes":23,"Content-Encoding":[]}
{"level":"info","ts":1791005309.837811,"caller":"logger/logger.go:23","msg":"request data","uri":"/update/gauge/load_update_url_gauge/25.5","method":"POST","time":0.015468917,"statusCode":200,"bytes":23,"Content-Encoding":[]}
{"level":"info","ts":1791005309.855788,"caller":"logger/logger.go:23","msg":"request data","uri":"/update","method":"POST","time":0.000970917,"statusCode":200,"bytes":23,"Content-Encoding":[]}
{"level":"info","ts":1791005309.876304,"caller":"logger/logger.go:23","msg":"request data","uri":"/update/gauge/load_update_url_gauge/25.5","method":"POST","time":0.000810375,"statusCode":200,"bytes":23,"Content-Encoding":[]}
{"level":"info","ts":1791005309.8933508,"caller":"logger/logger.go:23","msg":"request data","uri":"/update","method":"POST","time":0.0013765,"statusCode":200,"bytes":23,"Content-Encoding":[]}
{"level":"info","ts":1791005309.91167,"caller":"logger/logger.go:23","msg":"request data","uri":"/update/gauge/load_update_url_gauge/25.5","method":"POST","time":0.002573166,"statusCode":200,"bytes":23,"Content-Encoding":[]}
{"level":"info","ts":1791005309.9323509,"caller":"logger/logger.go:23","msg":"request data","uri":"/updates/","method":"POST","time":0.015853167,"statusCode":200,"bytes":23,"Content-Encoding":[]}
{"level":"info","ts":1791005309.959264,"caller":"logger/logger.go:23","msg":"request data","uri":"/update","method":"POST","time":0.014447916,"statusCode":200,"bytes":23,"Content-Encoding":[]}
{"level":"info","ts":1791005309.983063,"caller":"logger/logger.go:23","msg":"request data","uri":"/updates/","method":"POST","time":0.01834125,"statusCode":200,"bytes":23,"Content-Encoding":[]}
{"level":"info","ts":1791005310.010584,"caller":"logger/logger.go:23","msg":"request data","uri":"/update","method":"POST","time":0.014184833,"statusCode":200,"bytes":23,"Content-Encoding":[]}
{"level":"info","ts":1791005310.026342,"caller":"logger/logger.go:23","msg":"request data","uri":"/update","method":"POST","time":0.013038875,"statusCode":200,"bytes":23,"Content-Encoding":[]}
2026/10/03 10:28:30 DB STATS: open=21 in_use=2 idle=19 wait_count=0 wait_duration=0s max_open=0
{"level":"info","ts":1791005310.0556219,"caller":"logger/logger.go:23","msg":"request data","uri":"/update/gauge/load_update_url_gauge/25.5","method":"POST","time":0.014013834,"statusCode":200,"bytes":23,"Content-Encoding":[]}
{"level":"info","ts":1791005310.075826,"caller":"logger/logger.go:23","msg":"request data","uri":"/update/gauge/load_update_url_gauge/25.5","method":"POST","time":0.016923875,"statusCode":200,"bytes":23,"Content-Encoding":[]}
{"level":"info","ts":1791005310.145324,"caller":"logger/logger.go:23","msg":"request data","uri":"/update/gauge/load_update_url_gauge/25.5","method":"POST","time":0.019703875,"statusCode":200,"bytes":23,"Content-Encoding":[]}
{"level":"info","ts":1791005310.169651,"caller":"logger/logger.go:23","msg":"request data","uri":"/update","method":"POST","time":0.019452541,"statusCode":200,"bytes":23,"Content-Encoding":[]}
{"level":"info","ts":1791005310.1913202,"caller":"logger/logger.go:23","msg":"request data","uri":"/update","method":"POST","time":0.017537042,"statusCode":200,"bytes":23,"Content-Encoding":[]}
{"level":"info","ts":1791005310.239548,"caller":"logger/logger.go:23","msg":"request data","uri":"/updates/","method":"POST","time":0.032232667,"statusCode":200,"bytes":23,"Content-Encoding":[]}
{"level":"info","ts":1791005310.2649238,"caller":"logger/logger.go:23","msg":"request data","uri":"/update","method":"POST","time":0.017685791,"statusCode":200,"bytes":23,"Content-Encoding":[]}
{"level":"info","ts":1791005310.281152,"caller":"logger/logger.go:23","msg":"request data","uri":"/update","method":"POST","time":0.017423917,"statusCode":200,"bytes":23,"Content-Encoding":[]}
{"level":"info","ts":1791005310.312473,"caller":"logger/logger.go:23","msg":"request data","uri":"/update/gauge/load_update_url_gauge/25.5","method":"POST","time":0.027715917,"statusCode":200,"bytes":23,"Content-Encoding":[]}
{"level":"info","ts":1791005310.3308742,"caller":"logger/logger.go:23","msg":"request data","uri":"/update/gauge/load_update_url_gauge/25.5","method":"POST","time":0.015411625,"statusCode":200,"bytes":23,"Content-Encoding":[]}
{"level":"info","ts":1791005310.372938,"caller":"logger/logger.go:23","msg":"request data","uri":"/update","method":"POST","time":0.0235285,"statusCode":200,"bytes":23,"Content-Encoding":[]}
{"level":"info","ts":1791005310.40903,"caller":"logger/logger.go:23","msg":"request data","uri":"/updates/","method":"POST","time":0.028724375,"statusCode":200,"bytes":23,"Content-Encoding":[]}
{"level":"info","ts":1791005310.4453351,"caller":"logger/logger.go:23","msg":"request data","uri":"/update/gauge/load_update_url_gauge/25.5","method":"POST","time":0.01709625,"statusCode":200,"bytes":23,"Content-Encoding":[]}
{"level":"info","ts":1791005310.466283,"caller":"logger/logger.go:23","msg":"request data","uri":"/update","method":"POST","time":0.017851666,"statusCode":200,"bytes":23,"Content-Encoding":[]}
{"level":"info","ts":1791005310.486208,"caller":"logger/logger.go:23","msg":"request data","uri":"/update","method":"POST","time":0.016441541,"statusCode":200,"bytes":23,"Content-Encoding":[]}
{"level":"info","ts":1791005310.5067132,"caller":"logger/logger.go:23","msg":"request data","uri":"/update","method":"POST","time":0.014967167,"statusCode":200,"bytes":23,"Content-Encoding":[]}
{"level":"info","ts":1791005310.544089,"caller":"logger/logger.go:23","msg":"request data","uri":"/update/gauge/load_update_url_gauge/25.5","method":"POST","time":0.014255083,"statusCode":200,"bytes":23,"Content-Encoding":[]}
{"level":"info","ts":1791005310.566758,"caller":"logger/logger.go:23","msg":"request data","uri":"/update/gauge/load_update_url_gauge/25.5","method":"POST","time":0.015483791,"statusCode":200,"bytes":23,"Content-Encoding":[]}
{"level":"info","ts":1791005310.582508,"caller":"logger/logger.go:23","msg":"request data","uri":"/update","method":"POST","time":0.006662459,"statusCode":200,"bytes":23,"Content-Encoding":[]}
{"level":"info","ts":1791005310.599933,"caller":"logger/logger.go:23","msg":"request data","uri":"/updates/","method":"POST","time":0.01460225,"statusCode":200,"bytes":23,"Content-Encoding":[]}
{"level":"info","ts":1791005310.599948,"caller":"logger/logger.go:23","msg":"request data","uri":"/update/gauge/load_update_url_gauge/25.5","method":"POST","time":0.01452225,"statusCode":200,"bytes":23,"Content-Encoding":[]}
{"level":"info","ts":1791005310.599926,"caller":"logger/logger.go:23","msg":"request data","uri":"/update","method":"POST","time":0.014586292,"statusCode":200,"bytes":23,"Content-Encoding":[]}
{"level":"info","ts":1791005310.599972,"caller":"logger/logger.go:23","msg":"request data","uri":"/update/gauge/load_update_url_gauge/25.5","method":"POST","time":0.014551042,"statusCode":200,"bytes":23,"Content-Encoding":[]}
{"level":"info","ts":1791005310.599991,"caller":"logger/logger.go:23","msg":"request data","uri":"/update/gauge/load_update_url_gauge/25.5","method":"POST","time":0.014564666,"statusCode":200,"bytes":23,"Content-Encoding":[]}
{"level":"info","ts":1791005310.6000051,"caller":"logger/logger.go:23","msg":"request data","uri":"/update/gauge/load_update_url_gauge/25.5","method":"POST","time":0.014573375,"statusCode":200,"bytes":23,"Content-Encoding":[]}
{"level":"info","ts":1791005310.600019,"caller":"logger/logger.go:23","msg":"request data","uri":"/update/gauge/load_update_url_gauge/25.5","method":"POST","time":0.014529084,"statusCode":200,"bytes":23,"Content-Encoding":[]}
{"level":"info","ts":1791005310.600811,"caller":"logger/logger.go:23","msg":"request data","uri":"/updates/","method":"POST","time":0.014730625,"statusCode":200,"bytes":23,"Content-Encoding":[]}
{"level":"info","ts":1791005310.601492,"caller":"logger/logger.go:23","msg":"request data","uri":"/updates/","method":"POST","time":0.014668417,"statusCode":200,"bytes":23,"Content-Encoding":[]}
{"level":"info","ts":1791005310.602016,"caller":"logger/logger.go:23","msg":"request data","uri":"/update/gauge/load_update_url_gauge/25.5","method":"POST","time":0.013816583,"statusCode":200,"bytes":23,"Content-Encoding":[]}
{"level":"info","ts":1791005310.6020422,"caller":"logger/logger.go:23","msg":"request data","uri":"/update","method":"POST","time":0.013839125,"statusCode":200,"bytes":23,"Content-Encoding":[]}
{"level":"info","ts":1791005310.602047,"caller":"logger/logger.go:23","msg":"request data","uri":"/updates/","method":"POST","time":0.014687042,"statusCode":200,"bytes":23,"Content-Encoding":[]}
{"level":"info","ts":1791005310.602071,"caller":"logger/logger.go:23","msg":"request data","uri":"/update/gauge/load_update_url_gauge/25.5","method":"POST","time":0.013859791,"statusCode":200,"bytes":23,"Content-Encoding":[]}
{"level":"info","ts":1791005310.602871,"caller":"logger/logger.go:23","msg":"request data","uri":"/update/gauge/load_update_url_gauge/25.5","method":"POST","time":0.01464775,"statusCode":200,"bytes":23,"Content-Encoding":[]}
{"level":"info","ts":1791005310.602895,"caller":"logger/logger.go:23","msg":"request data","uri":"/update","method":"POST","time":0.014659333,"statusCode":200,"bytes":23,"Content-Encoding":[]}
{"level":"info","ts":1791005310.602905,"caller":"logger/logger.go:23","msg":"request data","uri":"/updates/","method":"POST","time":0.014697417,"statusCode":200,"bytes":23,"Content-Encoding":[]}
{"level":"info","ts":1791005310.6029282,"caller":"logger/logger.go:23","msg":"request data","uri":"/update/gauge/load_update_url_gauge/25.5","method":"POST","time":0.014686833,"statusCode":200,"bytes":23,"Content-Encoding":[]}
{"level":"info","ts":1791005310.602945,"caller":"logger/logger.go:23","msg":"request data","uri":"/update/gauge/load_update_url_gauge/25.5","method":"POST","time":0.014690125,"statusCode":200,"bytes":23,"Content-Encoding":[]}
{"level":"info","ts":1791005310.602956,"caller":"logger/logger.go:23","msg":"request data","uri":"/update","method":"POST","time":0.014699834,"statusCode":200,"bytes":23,"Content-Encoding":[]}
{"level":"info","ts":1791005310.602973,"caller":"logger/logger.go:23","msg":"request data","uri":"/update","method":"POST","time":0.014716042,"statusCode":200,"bytes":23,"Content-Encoding":[]}
{"level":"info","ts":1791005310.602987,"caller":"logger/logger.go:23","msg":"request data","uri":"/update","method":"POST","time":0.014692416,"statusCode":200,"bytes":23,"Content-Encoding":[]}
{"level":"info","ts":1791005310.602999,"caller":"logger/logger.go:23","msg":"request data","uri":"/update/gauge/load_update_url_gauge/25.5","method":"POST","time":0.01468075,"statusCode":200,"bytes":23,"Content-Encoding":[]}
{"level":"info","ts":1791005310.6030238,"caller":"logger/logger.go:23","msg":"request data","uri":"/update/gauge/load_update_url_gauge/25.5","method":"POST","time":0.014693916,"statusCode":200,"bytes":23,"Content-Encoding":[]}
{"level":"info","ts":1791005310.60304,"caller":"logger/logger.go:23","msg":"request data","uri":"/update","method":"POST","time":0.014704458,"statusCode":200,"bytes":23,"Content-Encoding":[]}
{"level":"info","ts":1791005310.60304,"caller":"logger/logger.go:23","msg":"request data","uri":"/update/gauge/load_update_url_gauge/25.5","method":"POST","time":0.000022416,"statusCode":200,"bytes":23,"Content-Encoding":[]}
{"level":"info","ts":1791005310.60304,"caller":"logger/logger.go:23","msg":"request data","uri":"/update/gauge/load_update_url_gauge/25.5","method":"POST","time":0.000021417,"statusCode":200,"bytes":23,"Content-Encoding":[]}
{"level":"info","ts":1791005310.6037672,"caller":"logger/logger.go:23","msg":"request data","uri":"/update","method":"POST","time":0.007687458,"statusCode":200,"bytes":23,"Content-Encoding":[]}
{"level":"info","ts":1791005310.603789,"caller":"logger/logger.go:23","msg":"request data","uri":"/update/gauge/load_update_url_gauge/25.5","method":"POST","time":0.000722584,"statusCode":200,"bytes":23,"Content-Encoding":[]}
{"level":"info","ts":1791005310.603786,"caller":"logger/logger.go:23","msg":"request data","uri":"/updates/","method":"POST","time":0.014824709,"statusCode":200,"bytes":23,"Content-Encoding":[]}
{"level":"info","ts":1791005310.603798,"caller":"logger/logger.go:23","msg":"request data","uri":"/update","method":"POST","time":0.011529333,"statusCode":200,"bytes":23,"Content-Encoding":[]}
{"level":"info","ts":1791005310.6038039,"caller":"logger/logger.go:23","msg":"request data","uri":"/update/gauge/load_update_url_gauge/25.5","method":"POST","time":0.007720542,"statusCode":200,"bytes":23,"Content-Encoding":[]}
{"level":"info","ts":1791005310.603807,"caller":"logger/logger.go:23","msg":"request data","uri":"/update/gauge/load_update_url_gauge/25.5","method":"POST","time":0.0065935,"statusCode":200,"bytes":23,"Content-Encoding":[]}
{"level":"info","ts":1791005310.60382,"caller":"logger/logger.go:23","msg":"request data","uri":"/update","method":"POST","time":0.003633917,"statusCode":200,"bytes":23,"Content-Encoding":[]}
{"level":"info","ts":1791005310.6038258,"caller":"logger/logger.go:23","msg":"request data","uri":"/update/gauge/load_update_url_gauge/25.5","method":"POST","time":0.007701625,"statusCode":200,"bytes":23,"Content-Encoding":[]}
{"level":"info","ts":1791005310.603831,"caller":"logger/logger.go:23","msg":"request data","uri":"/update/gauge/load_update_url_gauge/25.5","method":"POST","time":0.00365825,"statusCode":200,"bytes":23,"Content-Encoding":[]}
{"level":"info","ts":1791005310.6038358,"caller":"logger/logger.go:23","msg":"request data","uri":"/update/gauge/load_update_url_gauge/25.5","method":"POST","time":0.003658209,"statusCode":200,"bytes":23,"Content-Encoding":[]}
{"level":"info","ts":1791005310.603827,"caller":"logger/logger.go:23","msg":"request data","uri":"/update","method":"POST","time":0.006590625,"statusCode":200,"bytes":23,"Content-Encoding":[]}
{"level":"info","ts":1791005310.603822,"caller":"logger/logger.go:23","msg":"request data","uri":"/update/gauge/load_update_url_gauge/25.5","method":"POST","time":0.007709125,"statusCode":200,"bytes":23,"Content-Encoding":[]}
{"level":"info","ts":1791005310.603853,"caller":"logger/logger.go:23","msg":"request data","uri":"/update/gauge/load_update_url_gauge/25.5","method":"POST","time":0.003681292,"statusCode":200,"bytes":23,"Content-Encoding":[]}
{"level":"info","ts":1791005310.6038551,"caller":"logger/logger.go:23","msg":"request data","uri":"/update/gauge/load_update_url_gauge/25.5","method":"POST","time":0.003641875,"statusCode":200,"bytes":23,"Content-Encoding":[]}
{"level":"info","ts":1791005310.603858,"caller":"logger/logger.go:23","msg":"request data","uri":"/update","method":"POST","time":0.001666583,"statusCode":200,"bytes":23,"Content-Encoding":[]}
{"level":"info","ts":1791005310.603863,"caller":"logger/logger.go:23","msg":"request data","uri":"/update","method":"POST","time":0.007709875,"statusCode":200,"bytes":23,"Content-Encoding":[]}
{"level":"info","ts":1791005310.603866,"caller":"logger/logger.go:23","msg":"request data","uri":"/update/gauge/load_update_url_gauge/25.5","method":"POST","time":0.001653791,"statusCode":200,"bytes":23,"Content-Encoding":[]}
{"level":"info","ts":1791005310.60387,"caller":"logger/logger.go:23","msg":"request data","uri":"/update/gauge/load_update_url_gauge/25.5","method":"POST","time":0.001670208,"statusCode":200,"bytes":23,"Content-Encoding":[]}
{"level":"info","ts":1791005310.603847,"caller":"logger/logger.go:23","msg":"request data","uri":"/update","method":"POST","time":0.007722709,"statusCode":200,"bytes":23,"Content-Encoding":[]}
{"level":"info","ts":1791005310.603881,"caller":"logger/logger.go:23","msg":"request data","uri":"/update","method":"POST","time":0.007728917,"statusCode":200,"bytes":23,"Content-Encoding":[]}
{"level":"info","ts":1791005310.603883,"caller":"logger/logger.go:23","msg":"request data","uri":"/update","method":"POST","time":0.006977542,"statusCode":200,"bytes":23,"Content-Encoding":[]}
{"level":"info","ts":1791005310.603847,"caller":"logger/logger.go:23","msg":"request data","uri":"/update/gauge/load_update_url_gauge/25.5","method":"POST","time":0.003652625,"statusCode":200,"bytes":23,"Content-Encoding":[]}
{"level":"info","ts":1791005310.603894,"caller":"logger/logger.go:23","msg":"request data","uri":"/update/gauge/load_update_url_gauge/25.5","method":"POST","time":0.006768416,"statusCode":200,"bytes":23,"Content-Encoding":[]}
{"level":"info","ts":1791005310.603898,"caller":"logger/logger.go:23","msg":"request data","uri":"/update/gauge/load_update_url_gauge/25.5","method":"POST","time":0.006728209,"statusCode":200,"bytes":23,"Content-Encoding":[]}
{"level":"info","ts":1791005310.603822,"caller":"logger/logger.go:23","msg":"request data","uri":"/update","method":"POST","time":0.00660275,"statusCode":200,"bytes":23,"Content-Encoding":[]}
{"level":"info","ts":1791005310.6039062,"caller":"logger/logger.go:23","msg":"request data","uri":"/update","method":"POST","time":0.006705792,"statusCode":200,"bytes":23,"Content-Encoding":[]}
{"level":"info","ts":1791005310.60391,"caller":"logger/logger.go:23","msg":"request data","uri":"/update/gauge/load_update_url_gauge/25.5","method":"POST","time":0.006812417,"statusCode":200,"bytes":23,"Content-Encoding":[]}
{"level":"info","ts":1791005310.603884,"caller":"logger/logger.go:23","msg":"request data","uri":"/update/gauge/load_update_url_gauge/25.5","method":"POST","time":0.007046459,"statusCode":200,"bytes":23,"Content-Encoding":[]}
{"level":"info","ts":1791005310.603893,"caller":"logger/logger.go:23","msg":"request data","uri":"/update","method":"POST","time":0.007077917,"statusCode":200,"bytes":23,"Content-Encoding":[]}
{"level":"info","ts":1791005310.6039,"caller":"logger/logger.go:23","msg":"request data","uri":"/update","method":"POST","time":0.006995459,"statusCode":200,"bytes":23,"Content-Encoding":[]}
{"level":"info","ts":1791005310.603888,"caller":"logger/logger.go:23","msg":"request data","uri":"/update","method":"POST","time":0.007093875,"statusCode":200,"bytes":23,"Content-Encoding":[]}
{"level":"info","ts":1791005310.603901,"caller":"logger/logger.go:23","msg":"request data","uri":"/update","method":"POST","time":0.006949709,"statusCode":200,"bytes":23,"Content-Encoding":[]}
{"level":"info","ts":1791005310.6054752,"caller":"logger/logger.go:23","msg":"request data","uri":"/updates/","method":"POST","time":0.002393208,"statusCode":200,"bytes":23,"Content-Encoding":[]}
{"level":"info","ts":1791005310.606215,"caller":"logger/logger.go:23","msg":"request data","uri":"/updates/","method":"POST","time":0.013906917,"statusCode":200,"bytes":23,"Content-Encoding":[]}
{"level":"info","ts":1791005310.60672,"caller":"logger/logger.go:23","msg":"request data","uri":"/update","method":"POST","time":0.003620542,"statusCode":200,"bytes":23,"Content-Encoding":[]}
{"level":"info","ts":1791005310.606734,"caller":"logger/logger.go:23","msg":"request data","uri":"/update","method":"POST","time":0.003603458,"statusCode":200,"bytes":23,"Content-Encoding":[]}
{"level":"info","ts":1791005310.606743,"caller":"logger/logger.go:23","msg":"request data","uri":"/updates/","method":"POST","time":0.01705925,"statusCode":200,"bytes":23,"Content-Encoding":[]}
{"level":"info","ts":1791005310.606754,"caller":"logger/logger.go:23","msg":"request data","uri":"/update/gauge/load_update_url_gauge/25.5","method":"POST","time":0.003569167,"statusCode":200,"bytes":23,"Content-Encoding":[]}
{"level":"info","ts":1791005310.606766,"caller":"logger/logger.go:23","msg":"request data","uri":"/update/gauge/load_update_url_gauge/25.5","method":"POST","time":0.003574208,"statusCode":200,"bytes":23,"Content-Encoding":[]}
{"level":"info","ts":1791005310.6067772,"caller":"logger/logger.go:23","msg":"request data","uri":"/update","method":"POST","time":0.003553833,"statusCode":200,"bytes":23,"Content-Encoding":[]}
{"level":"info","ts":1791005310.606792,"caller":"logger/logger.go:23","msg":"request data","uri":"/update/gauge/load_update_url_gauge/25.5","method":"POST","time":0.003563417,"statusCode":200,"bytes":23,"Content-Encoding":[]}
{"level":"info","ts":1791005310.6068149,"caller":"logger/logger.go:23","msg":"request data","uri":"/update/gauge/load_update_url_gauge/25.5","method":"POST","time":0.003585875,"statusCode":200,"bytes":23,"Content-Encoding":[]}
{"level":"info","ts":1791005310.606833,"caller":"logger/logger.go:23","msg":"request data","uri":"/update","method":"POST","time":0.003582041,"statusCode":200,"bytes":23,"Content-Encoding":[]}
{"level":"info","ts":1791005310.607693,"caller":"logger/logger.go:23","msg":"request data","uri":"/updates/","method":"POST","time":0.017209792,"statusCode":200,"bytes":23,"Content-Encoding":[]}
{"level":"info","ts":1791005310.608254,"caller":"logger/logger.go:23","msg":"request data","uri":"/updates/","method":"POST","time":0.017283625,"statusCode":200,"bytes":23,"Content-Encoding":[]}
{"level":"info","ts":1791005310.6089659,"caller":"logger/logger.go:23","msg":"request data","uri":"/updates/","method":"POST","time":0.01726625,"statusCode":200,"bytes":23,"Content-Encoding":[]}
{"level":"info","ts":1791005310.6095302,"caller":"logger/logger.go:23","msg":"request data","uri":"/updates/","method":"POST","time":0.016454208,"statusCode":200,"bytes":23,"Content-Encoding":[]}
{"level":"info","ts":1791005310.6102111,"caller":"logger/logger.go:23","msg":"request data","uri":"/updates/","method":"POST","time":0.016597208,"statusCode":200,"bytes":23,"Content-Encoding":[]}
{"level":"info","ts":1791005310.6107368,"caller":"logger/logger.go:23","msg":"request data","uri":"/updates/","method":"POST","time":0.016396083,"statusCode":200,"bytes":23,"Content-Encoding":[]}
{"level":"info","ts":1791005310.611263,"caller":"logger/logger.go:23","msg":"request data","uri":"/updates/","method":"POST","time":0.016411917,"statusCode":200,"bytes":23,"Content-Encoding":[]}
{"level":"info","ts":1791005310.612036,"caller":"logger/logger.go:23","msg":"request data","uri":"/updates/","method":"POST","time":0.0165095,"statusCode":200,"bytes":23,"Content-Encoding":[]}
{"level":"info","ts":1791005310.612706,"caller":"logger/logger.go:23","msg":"request data","uri":"/update","method":"POST","time":0.009615917,"statusCode":200,"bytes":23,"Content-Encoding":[]}
{"level":"info","ts":1791005310.6127338,"caller":"logger/logger.go:23","msg":"request data","uri":"/updates/","method":"POST","time":0.013711333,"statusCode":200,"bytes":23,"Content-Encoding":[]}
{"level":"info","ts":1791005310.613533,"caller":"logger/logger.go:23","msg":"request data","uri":"/updates/","method":"POST","time":0.017419416,"statusCode":200,"bytes":23,"Content-Encoding":[]}
{"level":"info","ts":1791005310.6141162,"caller":"logger/logger.go:23","msg":"request data","uri":"/updates/","method":"POST","time":0.013939834,"statusCode":200,"bytes":23,"Content-Encoding":[]}
{"level":"info","ts":1791005310.614957,"caller":"logger/logger.go:23","msg":"request data","uri":"/updates/","method":"POST","time":0.016524333,"statusCode":200,"bytes":23,"Content-Encoding":[]}
{"level":"info","ts":1791005310.6155038,"caller":"logger/logger.go:23","msg":"request data","uri":"/updates/","method":"POST","time":0.0132875,"statusCode":200,"bytes":23,"Content-Encoding":[]}
{"level":"info","ts":1791005310.616162,"caller":"logger/logger.go:23","msg":"request data","uri":"/updates/","method":"POST","time":0.015193584,"statusCode":200,"bytes":23,"Content-Encoding":[]}
{"level":"info","ts":1791005310.6167302,"caller":"logger/logger.go:23","msg":"request data","uri":"/updates/","method":"POST","time":0.015105083,"statusCode":200,"bytes":23,"Content-Encoding":[]}
{"level":"info","ts":1791005310.617314,"caller":"logger/logger.go:23","msg":"request data","uri":"/update","method":"POST","time":0.013354542,"statusCode":200,"bytes":23,"Content-Encoding":[]}
{"level":"info","ts":1791005310.617335,"caller":"logger/logger.go:23","msg":"request data","uri":"/update/gauge/load_update_url_gauge/25.5","method":"POST","time":0.013358667,"statusCode":200,"bytes":23,"Content-Encoding":[]}
{"level":"info","ts":1791005310.617346,"caller":"logger/logger.go:23","msg":"request data","uri":"/updates/","method":"POST","time":0.020522083,"statusCode":200,"bytes":23,"Content-Encoding":[]}
{"level":"info","ts":1791005310.617357,"caller":"logger/logger.go:23","msg":"request data","uri":"/update/gauge/load_update_url_gauge/25.5","method":"POST","time":0.013363375,"statusCode":200,"bytes":23,"Content-Encoding":[]}
{"level":"info","ts":1791005310.617389,"caller":"logger/logger.go:23","msg":"request data","uri":"/update","method":"POST","time":0.01339975,"statusCode":200,"bytes":23,"Content-Encoding":[]}
{"level":"info","ts":1791005310.617405,"caller":"logger/logger.go:23","msg":"request data","uri":"/update","method":"POST","time":0.013396416,"statusCode":200,"bytes":23,"Content-Encoding":[]}
{"level":"info","ts":1791005310.618398,"caller":"logger/logger.go:23","msg":"request data","uri":"/update/gauge/load_update_url_gauge/25.5","method":"POST","time":0.014251917,"statusCode":200,"bytes":23,"Content-Encoding":[]}
{"level":"info","ts":1791005310.618419,"caller":"logger/logger.go:23","msg":"request data","uri":"/update","method":"POST","time":0.014278958,"statusCode":200,"bytes":23,"Content-Encoding":[]}
{"level":"info","ts":1791005310.618432,"caller":"logger/logger.go:23","msg":"request data","uri":"/updates/","method":"POST","time":0.014407875,"statusCode":200,"bytes":23,"Content-Encoding":[]}
{"level":"info","ts":1791005310.618434,"caller":"logger/logger.go:23","msg":"request data","uri":"/update/gauge/load_update_url_gauge/25.5","method":"POST","time":0.01428275,"statusCode":200,"bytes":23,"Content-Encoding":[]}
{"level":"info","ts":1791005310.6184509,"caller":"logger/logger.go:23","msg":"request data","uri":"/update/gauge/load_update_url_gauge/25.5","method":"POST","time":0.014289541,"statusCode":200,"bytes":23,"Content-Encoding":[]}
{"level":"info","ts":1791005310.61847,"caller":"logger/logger.go:23","msg":"request data","uri":"/update","method":"POST","time":0.014308834,"statusCode":200,"bytes":23,"Content-Encoding":[]}
{"level":"info","ts":1791005310.618485,"caller":"logger/logger.go:23","msg":"request data","uri":"/update","method":"POST","time":0.014288209,"statusCode":200,"bytes":23,"Content-Encoding":[]}
{"level":"info","ts":1791005310.618499,"caller":"logger/logger.go:23","msg":"request data","uri":"/update/gauge/load_update_url_gauge/25.5","method":"POST","time":0.014307333,"statusCode":200,"bytes":23,"Content-Encoding":[]}
{"level":"info","ts":1791005310.618517,"caller":"logger/logger.go:23","msg":"request data","uri":"/update","method":"POST","time":0.014316,"statusCode":200,"bytes":23,"Content-Encoding":[]}
{"level":"info","ts":1791005310.634309,"caller":"logger/logger.go:23","msg":"request data","uri":"/update/gauge/load_update_url_gauge/25.5","method":"POST","time":0.000025125,"statusCode":200,"bytes":23,"Content-Encoding":[]}
{"level":"info","ts":1791005310.658818,"caller":"logger/logger.go:23","msg":"request data","uri":"/updates/","method":"POST","time":0.013338292,"statusCode":200,"bytes":23,"Content-Encoding":[]}
{"level":"info","ts":1791005310.678703,"caller":"logger/logger.go:23","msg":"request data","uri":"/update/gauge/load_update_url_gauge/25.5","method":"POST","time":0.014389333,"statusCode":200,"bytes":23,"Content-Encoding":[]}
{"level":"info","ts":1791005310.69457,"caller":"logger/logger.go:23","msg":"request data","uri":"/update/gauge/load_update_url_gauge/25.5","method":"POST","time":0.015136791,"statusCode":200,"bytes":23,"Content-Encoding":[]}
{"level":"info","ts":1791005310.717087,"caller":"logger/logger.go:23","msg":"request data","uri":"/updates/","method":"POST","time":0.014948542,"statusCode":200,"bytes":23,"Content-Encoding":[]}
{"level":"info","ts":1791005310.739095,"caller":"logger/logger.go:23","msg":"request data","uri":"/update","method":"POST","time":0.013273125,"statusCode":200,"bytes":23,"Content-Encoding":[]}
{"level":"info","ts":1791005310.7542331,"caller":"logger/logger.go:23","msg":"request data","uri":"/update","method":"POST","time":0.003832334,"statusCode":200,"bytes":23,"Content-Encoding":[]}
{"level":"info","ts":1791005310.775476,"caller":"logger/logger.go:23","msg":"request data","uri":"/updates/","method":"POST","time":0.013797416,"statusCode":200,"bytes":23,"Content-Encoding":[]}
{"level":"info","ts":1791005310.795639,"caller":"logger/logger.go:23","msg":"request data","uri":"/updates/","method":"POST","time":0.013811125,"statusCode":200,"bytes":23,"Content-Encoding":[]}
{"level":"info","ts":1791005310.814525,"caller":"logger/logger.go:23","msg":"request data","uri":"/update/gauge/load_update_url_gauge/25.5","method":"POST","time":0.01452675,"statusCode":200,"bytes":23,"Content-Encoding":[]}
{"level":"info","ts":1791005310.832704,"caller":"logger/logger.go:23","msg":"request data","uri":"/update/gauge/load_update_url_gauge/25.5","method":"POST","time":0.0045145,"statusCode":200,"bytes":23,"Content-Encoding":[]}
{"level":"info","ts":1791005310.856721,"caller":"logger/logger.go:23","msg":"request data","uri":"/update","method":"POST","time":0.013510583,"statusCode":200,"bytes":23,"Content-Encoding":[]}
{"level":"info","ts":1791005310.8763788,"caller":"logger/logger.go:23","msg":"request data","uri":"/update","method":"POST","time":0.013573708,"statusCode":200,"bytes":23,"Content-Encoding":[]}
{"level":"info","ts":1791005310.895564,"caller":"logger/logger.go:23","msg":"request data","uri":"/update","method":"POST","time":0.013583042,"statusCode":200,"bytes":23,"Content-Encoding":[]}
{"level":"info","ts":1791005310.915477,"caller":"logger/logger.go:23","msg":"request data","uri":"/update/gauge/load_update_url_gauge/25.5","method":"POST","time":0.013068042,"statusCode":200,"bytes":23,"Content-Encoding":[]}
{"level":"info","ts":1791005310.944045,"caller":"logger/logger.go:23","msg":"request data","uri":"/update/gauge/load_update_url_gauge/25.5","method":"POST","time":0.017493542,"statusCode":200,"bytes":23,"Content-Encoding":[]}
{"level":"info","ts":1791005310.961331,"caller":"logger/logger.go:23","msg":"request data","uri":"/update","method":"POST","time":0.014756333,"statusCode":200,"bytes":23,"Content-Encoding":[]}
{"level":"info","ts":1791005310.988131,"caller":"logger/logger.go:23","msg":"request data","uri":"/updates/","method":"POST","time":0.023757583,"statusCode":200,"bytes":23,"Content-Encoding":[]}
{"level":"info","ts":1791005311.005764,"caller":"logger/logger.go:23","msg":"request data","uri":"/update","method":"POST","time":0.013222458,"statusCode":200,"bytes":23,"Content-Encoding":[]}
{"level":"info","ts":1791005311.023223,"caller":"logger/logger.go:23","msg":"request data","uri":"/update","method":"POST","time":0.003526959,"statusCode":200,"bytes":23,"Content-Encoding":[]}
{"level":"info","ts":1791005311.047829,"caller":"logger/logger.go:23","msg":"request data","uri":"/updates/","method":"POST","time":0.017056833,"statusCode":200,"bytes":23,"Content-Encoding":[]}
2026/10/03 10:28:31 DB STATS: open=21 in_use=2 idle=19 wait_count=0 wait_duration=0s max_open=0
{"level":"info","ts":1791005311.066271,"caller":"logger/logger.go:23","msg":"request data","uri":"/update/gauge/load_update_url_gauge/25.5","method":"POST","time":0.011040542,"statusCode":200,"bytes":23,"Content-Encoding":[]}
{"level":"info","ts":1791005311.093924,"caller":"logger/logger.go:23","msg":"request data","uri":"/update/gauge/load_update_url_gauge/25.5","method":"POST","time":0.014159375,"statusCode":200,"bytes":23,"Content-Encoding":[]}
{"level":"info","ts":1791005311.110028,"caller":"logger/logger.go:23","msg":"request data","uri":"/update/gauge/load_update_url_gauge/25.5","method":"POST","time":0.0020795,"statusCode":200,"bytes":23,"Content-Encoding":[]}
{"level":"info","ts":1791005311.131405,"caller":"logger/logger.go:23","msg":"request data","uri":"/updates/","method":"POST","time":0.01416075,"statusCode":200,"bytes":23,"Content-Encoding":[]}
{"level":"info","ts":1791005311.152844,"caller":"logger/logger.go:23","msg":"request data","uri":"/update/gauge/load_update_url_gauge/25.5","method":"POST","time":0.013193917,"statusCode":200,"bytes":23,"Content-Encoding":[]}
{"level":"info","ts":1791005311.173954,"caller":"logger/logger.go:23","msg":"request data","uri":"/updates/","method":"POST","time":0.016156541,"statusCode":200,"bytes":23,"Content-Encoding":[]}
{"level":"info","ts":1791005311.199405,"caller":"logger/logger.go:23","msg":"request data","uri":"/update/gauge/load_update_url_gauge/25.5","method":"POST","time":0.013346167,"statusCode":200,"bytes":23,"Content-Encoding":[]}
{"level":"info","ts":1791005311.2234812,"caller":"logger/logger.go:23","msg":"request data","uri":"/updates/","method":"POST","time":0.011587208,"statusCode":200,"bytes":23,"Content-Encoding":[]}
{"level":"info","ts":1791005311.2432818,"caller":"logger/logger.go:23","msg":"request data","uri":"/update","method":"POST","time":0.013447583,"statusCode":200,"bytes":23,"Content-Encoding":[]}
{"level":"info","ts":1791005311.271601,"caller":"logger/logger.go:23","msg":"request data","uri":"/update/gauge/load_update_url_gauge/25.5","method":"POST","time":0.013894,"statusCode":200,"bytes":23,"Content-Encoding":[]}
{"level":"info","ts":1791005311.288467,"caller":"logger/logger.go:23","msg":"request data","uri":"/update/gauge/load_update_url_gauge/25.5","method":"POST","time":0.001224583,"statusCode":200,"bytes":23,"Content-Encoding":[]}
{"level":"info","ts":1791005311.303941,"caller":"logger/logger.go:23","msg":"request data","uri":"/update","method":"POST","time":0.002210875,"statusCode":200,"bytes":23,"Content-Encoding":[]}
{"level":"info","ts":1791005311.320575,"caller":"logger/logger.go:23","msg":"request data","uri":"/update/gauge/load_update_url_gauge/25.5","method":"POST","time":0.003483541,"statusCode":200,"bytes":23,"Content-Encoding":[]}
{"level":"info","ts":1791005311.345294,"caller":"logger/logger.go:23","msg":"request data","uri":"/update/gauge/load_update_url_gauge/25.5","method":"POST","time":0.000022083,"statusCode":200,"bytes":23,"Content-Encoding":[]}
{"level":"info","ts":1791005311.368808,"caller":"logger/logger.go:23","msg":"request data","uri":"/update","method":"POST","time":0.013292417,"statusCode":200,"bytes":23,"Content-Encoding":[]}
{"level":"info","ts":1791005311.389825,"caller":"logger/logger.go:23","msg":"request data","uri":"/updates/","method":"POST","time":0.014979,"statusCode":200,"bytes":23,"Content-Encoding":[]}
{"level":"info","ts":1791005311.415767,"caller":"logger/logger.go:23","msg":"request data","uri":"/update/gauge/load_update_url_gauge/25.5","method":"POST","time":0.014907917,"statusCode":200,"bytes":23,"Content-Encoding":[]}
{"level":"info","ts":1791005311.4324,"caller":"logger/logger.go:23","msg":"request data","uri":"/update","method":"POST","time":0.014090084,"statusCode":200,"bytes":23,"Content-Encoding":[]}
{"level":"info","ts":1791005311.451155,"caller":"logger/logger.go:23","msg":"request data","uri":"/update/gauge/load_update_url_gauge/25.5","method":"POST","time":0.015090667,"statusCode":200,"bytes":23,"Content-Encoding":[]}
{"level":"info","ts":1791005311.467191,"caller":"logger/logger.go:23","msg":"request data","uri":"/update/gauge/load_update_url_gauge/25.5","method":"POST","time":0.000033584,"statusCode":200,"bytes":23,"Content-Encoding":[]}
{"level":"info","ts":1791005311.483954,"caller":"logger/logger.go:23","msg":"request data","uri":"/update/gauge/load_update_url_gauge/25.5","method":"POST","time":0.011915542,"statusCode":200,"bytes":23,"Content-Encoding":[]}
{"level":"info","ts":1791005311.5102232,"caller":"logger/logger.go:23","msg":"request data","uri":"/update/gauge/load_update_url_gauge/25.5","method":"POST","time":0.011174875,"statusCode":200,"bytes":23,"Content-Encoding":[]}
{"level":"info","ts":1791005311.528194,"caller":"logger/logger.go:23","msg":"request data","uri":"/update","method":"POST","time":0.000917167,"statusCode":200,"bytes":23,"Content-Encoding":[]}
{"level":"info","ts":1791005311.5456069,"caller":"logger/logger.go:23","msg":"request data","uri":"/update/gauge/load_update_url_gauge/25.5","method":"POST","time":0.014302,"statusCode":200,"bytes":23,"Content-Encoding":[]}
{"level":"info","ts":1791005311.561505,"caller":"logger/logger.go:23","msg":"request data","uri":"/update/gauge/load_update_url_gauge/25.5","method":"POST","time":0.000019917,"statusCode":200,"bytes":23,"Content-Encoding":[]}
{"level":"info","ts":1791005311.578808,"caller":"logger/logger.go:23","msg":"request data","uri":"/updates/","method":"POST","time":0.006195333,"statusCode":200,"bytes":23,"Content-Encoding":[]}
{"level":"info","ts":1791005311.5952861,"caller":"logger/logger.go:23","msg":"request data","uri":"/update/gauge/load_update_url_gauge/25.5","method":"POST","time":0.002553208,"statusCode":200,"bytes":23,"Content-Encoding":[]}
{"level":"info","ts":1791005311.600131,"caller":"logger/logger.go:23","msg":"request data","uri":"/updates/","method":"POST","time":0.009192208,"statusCode":200,"bytes":23,"Content-Encoding":[]}
{"level":"info","ts":1791005311.600854,"caller":"logger/logger.go:23","msg":"request data","uri":"/updates/","method":"POST","time":0.016896,"statusCode":200,"bytes":23,"Content-Encoding":[]}
{"level":"info","ts":1791005311.601404,"caller":"logger/logger.go:23","msg":"request data","uri":"/updates/","method":"POST","time":0.016849167,"statusCode":200,"bytes":23,"Content-Encoding":[]}
{"level":"info","ts":1791005311.602078,"caller":"logger/logger.go:23","msg":"request data","uri":"/updates/","method":"POST","time":0.016813583,"statusCode":200,"bytes":23,"Content-Encoding":[]}
{"level":"info","ts":1791005311.602624,"caller":"logger/logger.go:23","msg":"request data","uri":"/updates/","method":"POST","time":0.01679225,"statusCode":200,"bytes":23,"Content-Encoding":[]}
{"level":"info","ts":1791005311.6031191,"caller":"logger/logger.go:23","msg":"request data","uri":"/updates/","method":"POST","time":0.016593333,"statusCode":200,"bytes":23,"Content-Encoding":[]}
{"level":"info","ts":1791005311.603797,"caller":"logger/logger.go:23","msg":"request data","uri":"/updates/","method":"POST","time":0.016613625,"statusCode":200,"bytes":23,"Content-Encoding":[]}
{"level":"info","ts":1791005311.604308,"caller":"logger/logger.go:23","msg":"request data","uri":"/updates/","method":"POST","time":0.01648975,"statusCode":200,"bytes":23,"Content-Encoding":[]}
{"level":"info","ts":1791005311.605002,"caller":"logger/logger.go:23","msg":"request data","uri":"/updates/","method":"POST","time":0.016595125,"statusCode":200,"bytes":23,"Content-Encoding":[]}
{"level":"info","ts":1791005311.605511,"caller":"logger/logger.go:23","msg":"request data","uri":"/updates/","method":"POST","time":0.016448375,"statusCode":200,"bytes":23,"Content-Encoding":[]}
{"level":"info","ts":1791005311.606184,"caller":"logger/logger.go:23","msg":"request data","uri":"/updates/","method":"POST","time":0.016490833,"statusCode":200,"bytes":23,"Content-Encoding":[]}
{"level":"info","ts":1791005311.606854,"caller":"logger/logger.go:23","msg":"request data","uri":"/update/gauge/load_update_url_gauge/25.5","method":"POST","time":0.01258775,"statusCode":200,"bytes":23,"Content-Encoding":[]}
{"level":"info","ts":1791005311.6068878,"caller":"logger/logger.go:23","msg":"request data","uri":"/updates/","method":"POST","time":0.016645334,"statusCode":200,"bytes":23,"Content-Encoding":[]}
{"level":"info","ts":1791005311.607682,"caller":"logger/logger.go:23","msg":"request data","uri":"/updates/","method":"POST","time":0.01492775,"statusCode":200,"bytes":23,"Content-Encoding":[]}
{"level":"info","ts":1791005311.608164,"caller":"logger/logger.go:23","msg":"request data","uri":"/update/gauge/load_update_url_gauge/25.5","method":"POST","time":0.013918084,"statusCode":200,"bytes":23,"Content-Encoding":[]}
{"level":"info","ts":1791005311.608186,"caller":"logger/logger.go:23","msg":"request data","uri":"/updates/","method":"POST","time":0.026604375,"statusCode":200,"bytes":23,"Content-Encoding":[]}
{"level":"info","ts":1791005311.608841,"caller":"logger/logger.go:23","msg":"request data","uri":"/updates/","method":"POST","time":0.026661792,"statusCode":200,"bytes":23,"Content-Encoding":[]}
{"level":"info","ts":1791005311.609494,"caller":"logger/logger.go:23","msg":"request data","uri":"/update","method":"POST","time":0.013921625,"statusCode":200,"bytes":23,"Content-Encoding":[]}
{"level":"info","ts":1791005311.609521,"caller":"logger/logger.go:23","msg":"request data","uri":"/update/gauge/load_update_url_gauge/25.5","method":"POST","time":0.013935333,"statusCode":200,"bytes":23,"Content-Encoding":[]}
{"level":"info","ts":1791005311.6095412,"caller":"logger/logger.go:23","msg":"request data","uri":"/update/gauge/load_update_url_gauge/25.5","method":"POST","time":0.01395525,"statusCode":200,"bytes":23,"Content-Encoding":[]}
{"level":"info","ts":1791005311.609526,"caller":"logger/logger.go:23","msg":"request data","uri":"/updates/","method":"POST","time":0.026805458,"statusCode":200,"bytes":23,"Content-Encoding":[]}
{"level":"info","ts":1791005311.609558,"caller":"logger/logger.go:23","msg":"request data","uri":"/update/gauge/load_update_url_gauge/25.5","method":"POST","time":0.013971166,"statusCode":200,"bytes":23,"Content-Encoding":[]}
{"level":"info","ts":1791005311.6095512,"caller":"logger/logger.go:23","msg":"request data","uri":"/update","method":"POST","time":0.013968,"statusCode":200,"bytes":23,"Content-Encoding":[]}
{"level":"info","ts":1791005311.6095722,"caller":"logger/logger.go:23","msg":"request data","uri":"/update","method":"POST","time":0.013965667,"statusCode":200,"bytes":23,"Content-Encoding":[]}
{"level":"info","ts":1791005311.6095831,"caller":"logger/logger.go:23","msg":"request data","uri":"/update","method":"POST","time":0.013963083,"statusCode":200,"bytes":23,"Content-Encoding":[]}
{"level":"info","ts":1791005311.6095989,"caller":"logger/logger.go:23","msg":"request data","uri":"/update/gauge/load_update_url_gauge/25.5","method":"POST","time":0.013972167,"statusCode":200,"bytes":23,"Content-Encoding":[]}
{"level":"info","ts":1791005311.609619,"caller":"logger/logger.go:23","msg":"request data","uri":"/update","method":"POST","time":0.013980292,"statusCode":200,"bytes":23,"Content-Encoding":[]}
{"level":"info","ts":1791005311.6096268,"caller":"logger/logger.go:23","msg":"request data","uri":"/update/gauge/load_update_url_gauge/25.5","method":"POST","time":0.013999459,"statusCode":200,"bytes":23,"Content-Encoding":[]}
{"level":"info","ts":1791005311.609643,"caller":"logger/logger.go:23","msg":"request data","uri":"/update","method":"POST","time":0.014014375,"statusCode":200,"bytes":23,"Content-Encoding":[]}
{"level":"info","ts":1791005311.6096551,"caller":"logger/logger.go:23","msg":"request data","uri":"/update","method":"POST","time":0.014015917,"statusCode":200,"bytes":23,"Content-Encoding":[]}
{"level":"info","ts":1791005311.610573,"caller":"logger/logger.go:23","msg":"request data","uri":"/update","method":"POST","time":0.000920833,"statusCode":200,"bytes":23,"Content-Encoding":[]}
{"level":"info","ts":1791005311.610595,"caller":"logger/logger.go:23","msg":"request data","uri":"/update/gauge/load_update_url_gauge/25.5","method":"POST","time":0.00090975,"statusCode":200,"bytes":23,"Content-Encoding":[]}
{"level":"info","ts":1791005311.6106088,"caller":"logger/logger.go:23","msg":"request data","uri":"/update","method":"POST","time":0.014942667,"statusCode":200,"bytes":23,"Content-Encoding":[]}
{"level":"info","ts":1791005311.610622,"caller":"logger/logger.go:23","msg":"request data","uri":"/updates/","method":"POST","time":0.014994791,"statusCode":200,"bytes":23,"Content-Encoding":[]}
{"level":"info","ts":1791005311.610625,"caller":"logger/logger.go:23","msg":"request data","uri":"/update","method":"POST","time":0.014950958,"statusCode":200,"bytes":23,"Content-Encoding":[]}
{"level":"info","ts":1791005311.610641,"caller":"logger/logger.go:23","msg":"request data","uri":"/update","method":"POST","time":0.014957458,"statusCode":200,"bytes":23,"Content-Encoding":[]}
{"level":"info","ts":1791005311.610664,"caller":"logger/logger.go:23","msg":"request data","uri":"/update","method":"POST","time":0.014980042,"statusCode":200,"bytes":23,"Content-Encoding":[]}
{"level":"info","ts":1791005311.6106849,"caller":"logger/logger.go:23","msg":"request data","uri":"/update","method":"POST","time":0.014985792,"statusCode":200,"bytes":23,"Content-Encoding":[]}
{"level":"info","ts":1791005311.610728,"caller":"logger/logger.go:23","msg":"request data","uri":"/update","method":"POST","time":0.000021334,"statusCode":200,"bytes":23,"Content-Encoding":[]}
{"level":"info","ts":1791005311.610734,"caller":"logger/logger.go:23","msg":"request data","uri":"/update/gauge/load_update_url_gauge/25.5","method":"POST","time":0.015053917,"statusCode":200,"bytes":23,"Content-Encoding":[]}
{"level":"info","ts":1791005311.610785,"caller":"logger/logger.go:23","msg":"request data","uri":"/update/gauge/load_update_url_gauge/25.5","method":"POST","time":0.000027292,"statusCode":200,"bytes":23,"Content-Encoding":[]}
{"level":"info","ts":1791005311.6115808,"caller":"logger/logger.go:23","msg":"request data","uri":"/update","method":"POST","time":0.000809292,"statusCode":200,"bytes":23,"Content-Encoding":[]}
{"level":"info","ts":1791005311.611608,"caller":"logger/logger.go:23","msg":"request data","uri":"/updates/","method":"POST","time":0.01510275,"statusCode":200,"bytes":23,"Content-Encoding":[]}
{"level":"info","ts":1791005311.611615,"caller":"logger/logger.go:23","msg":"request data","uri":"/update/gauge/load_update_url_gauge/25.5","method":"POST","time":0.012919166,"statusCode":200,"bytes":23,"Content-Encoding":[]}
{"level":"info","ts":1791005311.611629,"caller":"logger/logger.go:23","msg":"request data","uri":"/update","method":"POST","time":0.013091083,"statusCode":200,"bytes":23,"Content-Encoding":[]}
{"level":"info","ts":1791005311.61163,"caller":"logger/logger.go:23","msg":"request data","uri":"/update/gauge/load_update_url_gauge/25.5","method":"POST","time":0.004628667,"statusCode":200,"bytes":23,"Content-Encoding":[]}
{"level":"info","ts":1791005311.611635,"caller":"logger/logger.go:23","msg":"request data","uri":"/update","method":"POST","time":0.013474333,"statusCode":200,"bytes":23,"Content-Encoding":[]}
{"level":"info","ts":1791005311.6116421,"caller":"logger/logger.go:23","msg":"request data","uri":"/update/gauge/load_update_url_gauge/25.5","method":"POST","time":0.01295375,"statusCode":200,"bytes":23,"Content-Encoding":[]}
{"level":"info","ts":1791005311.61165,"caller":"logger/logger.go:23","msg":"request data","uri":"/update","method":"POST","time":0.013267375,"statusCode":200,"bytes":23,"Content-Encoding":[]}
{"level":"info","ts":1791005311.6116521,"caller":"logger/logger.go:23","msg":"request data","uri":"/update/gauge/load_update_url_gauge/25.5","method":"POST","time":0.003322625,"statusCode":200,"bytes":23,"Content-Encoding":[]}
{"level":"info","ts":1791005311.611658,"caller":"logger/logger.go:23","msg":"request data","uri":"/update","method":"POST","time":0.000898958,"statusCode":200,"bytes":23,"Content-Encoding":[]}
{"level":"info","ts":1791005311.611656,"caller":"logger/logger.go:23","msg":"request data","uri":"/update/gauge/load_update_url_gauge/25.5","method":"POST","time":0.012942917,"statusCode":200,"bytes":23,"Content-Encoding":[]}
{"level":"info","ts":1791005311.611638,"caller":"logger/logger.go:23","msg":"request data","uri":"/update","method":"POST","time":0.013067417,"statusCode":200,"bytes":23,"Content-Encoding":[]}
{"level":"info","ts":1791005311.611671,"caller":"logger/logger.go:23","msg":"request data","uri":"/update","method":"POST","time":0.016007875,"statusCode":200,"bytes":23,"Content-Encoding":[]}
{"level":"info","ts":1791005311.611673,"caller":"logger/logger.go:23","msg":"request data","uri":"/update/gauge/load_update_url_gauge/25.5","method":"POST","time":0.012892625,"statusCode":200,"bytes":23,"Content-Encoding":[]}
{"level":"info","ts":1791005311.611646,"caller":"logger/logger.go:23","msg":"request data","uri":"/update/gauge/load_update_url_gauge/25.5","method":"POST","time":0.012938625,"statusCode":200,"bytes":23,"Content-Encoding":[]}
{"level":"info","ts":1791005311.611682,"caller":"logger/logger.go:23","msg":"request data","uri":"/update/gauge/load_update_url_gauge/25.5","method":"POST","time":0.012893209,"statusCode":200,"bytes":23,"Content-Encoding":[]}
{"level":"info","ts":1791005311.611686,"caller":"logger/logger.go:23","msg":"request data","uri":"/update/gauge/load_update_url_gauge/25.5","method":"POST","time":0.012971084,"statusCode":200,"bytes":23,"Content-Encoding":[]}
{"level":"info","ts":1791005311.611688,"caller":"logger/logger.go:23","msg":"request data","uri":"/update/gauge/load_update_url_gauge/25.5","method":"POST","time":0.001959083,"statusCode":200,"bytes":23,"Content-Encoding":[]}
{"level":"info","ts":1791005311.611667,"caller":"logger/logger.go:23","msg":"request data","uri":"/update","method":"POST","time":0.013133875,"statusCode":200,"bytes":23,"Content-Encoding":[]}
{"level":"info","ts":1791005311.611694,"caller":"logger/logger.go:23","msg":"request data","uri":"/update/gauge/load_update_url_gauge/25.5","method":"POST","time":0.012907459,"statusCode":200,"bytes":23,"Content-Encoding":[]}
{"level":"info","ts":1791005311.611659,"caller":"logger/logger.go:23","msg":"request data","uri":"/update/gauge/load_update_url_gauge/25.5","method":"POST","time":0.012964291,"statusCode":200,"bytes":23,"Content-Encoding":[]}
{"level":"info","ts":1791005311.611702,"caller":"logger/logger.go:23","msg":"request data","uri":"/update","method":"POST","time":0.001933917,"statusCode":200,"bytes":23,"Content-Encoding":[]}
{"level":"info","ts":1791005311.611701,"caller":"logger/logger.go:23","msg":"request data","uri":"/update/gauge/load_update_url_gauge/25.5","method":"POST","time":0.012981541,"statusCode":200,"bytes":23,"Content-Encoding":[]}
{"level":"info","ts":1791005311.6117089,"caller":"logger/logger.go:23","msg":"request data","uri":"/update","method":"POST","time":0.001830583,"statusCode":200,"bytes":23,"Content-Encoding":[]}
{"level":"info","ts":1791005311.611712,"caller":"logger/logger.go:23","msg":"request data","uri":"/update","method":"POST","time":0.001851292,"statusCode":200,"bytes":23,"Content-Encoding":[]}
{"level":"info","ts":1791005311.611716,"caller":"logger/logger.go:23","msg":"request data","uri":"/update/gauge/load_update_url_gauge/25.5","method":"POST","time":0.001701875,"statusCode":200,"bytes":23,"Content-Encoding":[]}
{"level":"info","ts":1791005311.6117198,"caller":"logger/logger.go:23","msg":"request data","uri":"/update","method":"POST","time":0.001935292,"statusCode":200,"bytes":23,"Content-Encoding":[]}
{"level":"info","ts":1791005311.611721,"caller":"logger/logger.go:23","msg":"request data","uri":"/update/gauge/load_update_url_gauge/25.5","method":"POST","time":0.001676917,"statusCode":200,"bytes":23,"Content-Encoding":[]}
{"level":"info","ts":1791005311.611634,"caller":"logger/logger.go:23","msg":"request data","uri":"/update","method":"POST","time":0.013079959,"statusCode":200,"bytes":23,"Content-Encoding":[]}
{"level":"info","ts":1791005311.611729,"caller":"logger/logger.go:23","msg":"request data","uri":"/update","method":"POST","time":0.001870959,"statusCode":200,"bytes":23,"Content-Encoding":[]}
{"level":"info","ts":1791005311.6116831,"caller":"logger/logger.go:23","msg":"request data","uri":"/update/gauge/load_update_url_gauge/25.5","method":"POST","time":0.001956459,"statusCode":200,"bytes":23,"Content-Encoding":[]}
{"level":"info","ts":1791005311.611716,"caller":"logger/logger.go:23","msg":"request data","uri":"/update/gauge/load_update_url_gauge/25.5","method":"POST","time":0.012941917,"statusCode":200,"bytes":23,"Content-Encoding":[]}
{"level":"info","ts":1791005311.611655,"caller":"logger/logger.go:23","msg":"request data","uri":"/update/gauge/load_update_url_gauge/25.5","method":"POST","time":0.012964166,"statusCode":200,"bytes":23,"Content-Encoding":[]}
{"level":"info","ts":1791005311.611729,"caller":"logger/logger.go:23","msg":"request data","uri":"/update","method":"POST","time":0.001871417,"statusCode":200,"bytes":23,"Content-Encoding":[]}
{"level":"info","ts":1791005311.613354,"caller":"logger/logger.go:23","msg":"request data","uri":"/updates/","method":"POST","time":0.012382334,"statusCode":200,"bytes":23,"Content-Encoding":[]}
{"level":"info","ts":1791005311.614159,"caller":"logger/logger.go:23","msg":"request data","uri":"/updates/","method":"POST","time":0.012634958,"statusCode":200,"bytes":23,"Content-Encoding":[]}
{"level":"info","ts":1791005311.6147,"caller":"logger/logger.go:23","msg":"request data","uri":"/update","method":"POST","time":0.003896417,"statusCode":200,"bytes":23,"Content-Encoding":[]}
{"level":"info","ts":1791005311.614754,"caller":"logger/logger.go:23","msg":"request data","uri":"/updates/","method":"POST","time":0.012553625,"statusCode":200,"bytes":23,"Content-Encoding":[]}
{"level":"info","ts":1791005311.615532,"caller":"logger/logger.go:23","msg":"request data","uri":"/update","method":"POST","time":0.017404,"statusCode":200,"bytes":23,"Content-Encoding":[]}
{"level":"info","ts":1791005311.615575,"caller":"logger/logger.go:23","msg":"request data","uri":"/updates/","method":"POST","time":0.018296083,"statusCode":200,"bytes":23,"Content-Encoding":[]}
{"level":"info","ts":1791005311.6162162,"caller":"logger/logger.go:23","msg":"request data","uri":"/update","method":"POST","time":0.005398542,"statusCode":200,"bytes":23,"Content-Encoding":[]}
{"level":"info","ts":1791005311.616239,"caller":"logger/logger.go:23","msg":"request data","uri":"/update","method":"POST","time":0.005415125,"statusCode":200,"bytes":23,"Content-Encoding":[]}
{"level":"info","ts":1791005311.6162639,"caller":"logger/logger.go:23","msg":"request data","uri":"/updates/","method":"POST","time":0.005458125,"statusCode":200,"bytes":23,"Content-Encoding":[]}
{"level":"info","ts":1791005311.616272,"caller":"logger/logger.go:23","msg":"request data","uri":"/update/gauge/load_update_url_gauge/25.5","method":"POST","time":0.005364292,"statusCode":200,"bytes":23,"Content-Encoding":[]}
{"level":"info","ts":1791005311.616265,"caller":"logger/logger.go:23","msg":"request data","uri":"/update/gauge/load_update_url_gauge/25.5","method":"POST","time":0.005357917,"statusCode":200,"bytes":23,"Content-Encoding":[]}
{"level":"info","ts":1791005311.6170712,"caller":"logger/logger.go:23","msg":"request data","uri":"/updates/","method":"POST","time":0.014321542,"statusCode":200,"bytes":23,"Content-Encoding":[]}
{"level":"info","ts":1791005311.617755,"caller":"logger/logger.go:23","msg":"request data","uri":"/updates/","method":"POST","time":0.014522167,"statusCode":200,"bytes":23,"Content-Encoding":[]}
{"level":"info","ts":1791005311.618415,"caller":"logger/logger.go:23","msg":"request data","uri":"/updates/","method":"POST","time":0.014484625,"statusCode":200,"bytes":23,"Content-Encoding":[]}
{"level":"info","ts":1791005311.619137,"caller":"logger/logger.go:23","msg":"request data","uri":"/updates/","method":"POST","time":0.014698792,"statusCode":200,"bytes":23,"Content-Encoding":[]}
{"level":"info","ts":1791005311.619699,"caller":"logger/logger.go:23","msg":"request data","uri":"/updates/","method":"POST","time":0.014560458,"statusCode":200,"bytes":23,"Content-Encoding":[]}
{"level":"info","ts":1791005311.620377,"caller":"logger/logger.go:23","msg":"request data","uri":"/updates/","method":"POST","time":0.014752167,"statusCode":200,"bytes":23,"Content-Encoding":[]}
{"level":"info","ts":1791005311.6209228,"caller":"logger/logger.go:23","msg":"request data","uri":"/updates/","method":"POST","time":0.014445125,"statusCode":200,"bytes":23,"Content-Encoding":[]}
{"level":"info","ts":1791005311.6216471,"caller":"logger/logger.go:23","msg":"request data","uri":"/updates/","method":"POST","time":0.014615458,"statusCode":200,"bytes":23,"Content-Encoding":[]}
{"level":"info","ts":1791005311.622168,"caller":"logger/logger.go:23","msg":"request data","uri":"/updates/","method":"POST","time":0.014369417,"statusCode":200,"bytes":23,"Content-Encoding":[]}
{"level":"info","ts":1791005311.62273,"caller":"logger/logger.go:23","msg":"request data","uri":"/updates/","method":"POST","time":0.014407709,"statusCode":200,"bytes":23,"Content-Encoding":[]}
{"level":"info","ts":1791005311.623426,"caller":"logger/logger.go:23","msg":"request data","uri":"/updates/","method":"POST","time":0.014447167,"statusCode":200,"bytes":23,"Content-Encoding":[]}
{"level":"info","ts":1791005311.623955,"caller":"logger/logger.go:23","msg":"request data","uri":"/updates/","method":"POST","time":0.024307875,"statusCode":200,"bytes":23,"Content-Encoding":[]}
{"level":"info","ts":1791005311.624634,"caller":"logger/logger.go:23","msg":"request data","uri":"/updates/","method":"POST","time":0.014895,"statusCode":200,"bytes":23,"Content-Encoding":[]}
{"level":"info","ts":1791005311.62515,"caller":"logger/logger.go:23","msg":"request data","uri":"/update","method":"POST","time":0.014368792,"statusCode":200,"bytes":23,"Content-Encoding":[]}
{"level":"info","ts":1791005311.643182,"caller":"logger/logger.go:23","msg":"request data","uri":"/updates/","method":"POST","time":0.025954083,"statusCode":200,"bytes":23,"Content-Encoding":[]}
{"level":"info","ts":1791005311.660115,"caller":"logger/logger.go:23","msg":"request data","uri":"/update","method":"POST","time":0.013178292,"statusCode":200,"bytes":23,"Content-Encoding":[]}
{"level":"info","ts":1791005311.678708,"caller":"logger/logger.go:23","msg":"request data","uri":"/update/gauge/load_update_url_gauge/25.5","method":"POST","time":0.014557,"statusCode":200,"bytes":23,"Content-Encoding":[]}
{"level":"info","ts":1791005311.697141,"caller":"logger/logger.go:23","msg":"request data","uri":"/updates/","method":"POST","time":0.013780583,"statusCode":200,"bytes":23,"Content-Encoding":[]}
{"level":"info","ts":1791005311.7134268,"caller":"logger/logger.go:23","msg":"request data","uri":"/updates/","method":"POST","time":0.010278375,"statusCode":200,"bytes":23,"Content-Encoding":[]}
{"level":"info","ts":1791005311.736747,"caller":"logger/logger.go:23","msg":"request data","uri":"/update","method":"POST","time":0.012995375,"statusCode":200,"bytes":23,"Content-Encoding":[]}
{"level":"info","ts":1791005311.752521,"caller":"logger/logger.go:23","msg":"request data","uri":"/update/gauge/load_update_url_gauge/25.5","method":"POST","time":0.001524708,"statusCode":200,"bytes":23,"Content-Encoding":[]}
{"level":"info","ts":1791005311.7693791,"caller":"logger/logger.go:23","msg":"request data","uri":"/updates/","method":"POST","time":0.014184792,"statusCode":200,"bytes":23,"Content-Encoding":[]}
{"level":"info","ts":1791005311.78548,"caller":"logger/logger.go:23","msg":"request data","uri":"/update/gauge/load_update_url_gauge/25.5","method":"POST","time":0.013887,"statusCode":200,"bytes":23,"Content-Encoding":[]}
{"level":"info","ts":1791005311.812587,"caller":"logger/logger.go:23","msg":"request data","uri":"/updates/","method":"POST","time":0.015197958,"statusCode":200,"bytes":23,"Content-Encoding":[]}
{"level":"info","ts":1791005311.828059,"caller":"logger/logger.go:23","msg":"request data","uri":"/update/gauge/load_update_url_gauge/25.5","method":"POST","time":0.012425375,"statusCode":200,"bytes":23,"Content-Encoding":[]}
{"level":"info","ts":1791005311.8559942,"caller":"logger/logger.go:23","msg":"request data","uri":"/update/gauge/load_update_url_gauge/25.5","method":"POST","time":0.01311875,"statusCode":200,"bytes":23,"Content-Encoding":[]}
{"level":"info","ts":1791005311.874965,"caller":"logger/logger.go:23","msg":"request data","uri":"/updates/","method":"POST","time":0.013894458,"statusCode":200,"bytes":23,"Content-Encoding":[]}
{"level":"info","ts":1791005311.900823,"caller":"logger/logger.go:23","msg":"request data","uri":"/update/gauge/load_update_url_gauge/25.5","method":"POST","time":0.013351333,"statusCode":200,"bytes":23,"Content-Encoding":[]}
{"level":"info","ts":1791005311.923681,"caller":"logger/logger.go:23","msg":"request data","uri":"/update/gauge/load_update_url_gauge/25.5","method":"POST","time":0.012723916,"statusCode":200,"bytes":23,"Content-Encoding":[]}
{"level":"info","ts":1791005311.939648,"caller":"logger/logger.go:23","msg":"request data","uri":"/updates/","method":"POST","time":0.010885791,"statusCode":200,"bytes":23,"Content-Encoding":[]}
{"level":"info","ts":1791005311.951126,"caller":"logger/logger.go:23","msg":"request data","uri":"/update","method":"POST","time":0.003494917,"statusCode":200,"bytes":23,"Content-Encoding":[]}
{"level":"info","ts":1791005311.9673548,"caller":"logger/logger.go:23","msg":"request data","uri":"/update","method":"POST","time":0.015057125,"statusCode":200,"bytes":23,"Content-Encoding":[]}
{"level":"info","ts":1791005311.9914958,"caller":"logger/logger.go:23","msg":"request data","uri":"/update/gauge/load_update_url_gauge/25.5","method":"POST","time":0.010905167,"statusCode":200,"bytes":23,"Content-Encoding":[]}
{"level":"info","ts":1791005312.011095,"caller":"logger/logger.go:23","msg":"request data","uri":"/update","method":"POST","time":0.013740542,"statusCode":200,"bytes":23,"Content-Encoding":[]}
{"level":"info","ts":1791005312.029291,"caller":"logger/logger.go:23","msg":"request data","uri":"/updates/","method":"POST","time":0.014231416,"statusCode":200,"bytes":23,"Content-Encoding":[]}
{"level":"info","ts":1791005312.044841,"caller":"logger/logger.go:23","msg":"request data","uri":"/update/gauge/load_update_url_gauge/25.5","method":"POST","time":0.003655041,"statusCode":200,"bytes":23,"Content-Encoding":[]}
2026/10/03 10:28:32 DB STATS: open=21 in_use=2 idle=19 wait_count=0 wait_duration=0s max_open=0
{"level":"info","ts":1791005312.066473,"caller":"logger/logger.go:23","msg":"request data","uri":"/update","method":"POST","time":0.009056667,"statusCode":200,"bytes":23,"Content-Encoding":[]}
{"level":"info","ts":1791005312.091975,"caller":"logger/logger.go:23","msg":"request data","uri":"/update/gauge/load_update_url_gauge/25.5","method":"POST","time":0.013668834,"statusCode":200,"bytes":23,"Content-Encoding":[]}
{"level":"info","ts":1791005312.105957,"caller":"logger/logger.go:23","msg":"request data","uri":"/update/gauge/load_update_url_gauge/25.5","method":"POST","time":0.000018375,"statusCode":200,"bytes":23,"Content-Encoding":[]}
{"level":"info","ts":1791005312.131453,"caller":"logger/logger.go:23","msg":"request data","uri":"/update/gauge/load_update_url_gauge/25.5","method":"POST","time":0.013376541,"statusCode":200,"bytes":23,"Content-Encoding":[]}
{"level":"info","ts":1791005312.148448,"caller":"logger/logger.go:23","msg":"request data","uri":"/update","method":"POST","time":0.014537417,"statusCode":200,"bytes":23,"Content-Encoding":[]}
{"level":"info","ts":1791005312.1738648,"caller":"logger/logger.go:23","msg":"request data","uri":"/update","method":"POST","time":0.01200075,"statusCode":200,"bytes":23,"Content-Encoding":[]}
{"level":"info","ts":1791005312.191411,"caller":"logger/logger.go:23","msg":"request data","uri":"/updates/","method":"POST","time":0.011961416,"statusCode":200,"bytes":23,"Content-Encoding":[]}
{"level":"info","ts":1791005312.207527,"caller":"logger/logger.go:23","msg":"request data","uri":"/update/gauge/load_update_url_gauge/25.5","method":"POST","time":0.003049708,"statusCode":200,"bytes":23,"Content-Encoding":[]}
{"level":"info","ts":1791005312.225007,"caller":"logger/logger.go:23","msg":"request data","uri":"/updates/","method":"POST","time":0.001284459,"statusCode":200,"bytes":23,"Content-Encoding":[]}
{"level":"info","ts":1791005312.250616,"caller":"logger/logger.go:23","msg":"request data","uri":"/update/gauge/load_update_url_gauge/25.5","method":"POST","time":0.013510917,"statusCode":200,"bytes":23,"Content-Encoding":[]}
{"level":"info","ts":1791005312.271955,"caller":"logger/logger.go:23","msg":"request data","uri":"/updates/","method":"POST","time":0.014122125,"statusCode":200,"bytes":23,"Content-Encoding":[]}
{"level":"info","ts":1791005312.2931468,"caller":"logger/logger.go:23","msg":"request data","uri":"/update","method":"POST","time":0.013422083,"statusCode":200,"bytes":23,"Content-Encoding":[]}
{"level":"info","ts":1791005312.318523,"caller":"logger/logger.go:23","msg":"request data","uri":"/update/gauge/load_update_url_gauge/25.5","method":"POST","time":0.013690042,"statusCode":200,"bytes":23,"Content-Encoding":[]}
{"level":"info","ts":1791005312.337993,"caller":"logger/logger.go:23","msg":"request data","uri":"/update/gauge/load_update_url_gauge/25.5","method":"POST","time":0.010059625,"statusCode":200,"bytes":23,"Content-Encoding":[]}
{"level":"info","ts":1791005312.3575208,"caller":"logger/logger.go:23","msg":"request data","uri":"/update","method":"POST","time":0.012704417,"statusCode":200,"bytes":23,"Content-Encoding":[]}
{"level":"info","ts":1791005312.3789,"caller":"logger/logger.go:23","msg":"request data","uri":"/update","method":"POST","time":0.00773475,"statusCode":200,"bytes":23,"Content-Encoding":[]}
{"level":"info","ts":1791005312.397397,"caller":"logger/logger.go:23","msg":"request data","uri":"/update","method":"POST","time":0.014724916,"statusCode":200,"bytes":23,"Content-Encoding":[]}
{"level":"info","ts":1791005312.4235132,"caller":"logger/logger.go:23","msg":"request data","uri":"/update/gauge/load_update_url_gauge/25.5","method":"POST","time":0.016376416,"statusCode":200,"bytes":23,"Content-Encoding":[]}
{"level":"info","ts":1791005312.443578,"caller":"logger/logger.go:23","msg":"request data","uri":"/update/gauge/load_update_url_gauge/25.5","method":"POST","time":0.001699125,"statusCode":200,"bytes":23,"Content-Encoding":[]}
{"level":"info","ts":1791005312.4643798,"caller":"logger/logger.go:23","msg":"request data","uri":"/updates/","method":"POST","time":0.013007458,"statusCode":200,"bytes":23,"Content-Encoding":[]}
{"level":"info","ts":1791005312.4834292,"caller":"logger/logger.go:23","msg":"request data","uri":"/update","method":"POST","time":0.012910083,"statusCode":200,"bytes":23,"Content-Encoding":[]}
{"level":"info","ts":1791005312.5095801,"caller":"logger/logger.go:23","msg":"request data","uri":"/update/gauge/load_update_url_gauge/25.5","method":"POST","time":0.013960042,"statusCode":200,"bytes":23,"Content-Encoding":[]}
{"level":"info","ts":1791005312.531324,"caller":"logger/logger.go:23","msg":"request data","uri":"/updates/","method":"POST","time":0.014269667,"statusCode":200,"bytes":23,"Content-Encoding":[]}
{"level":"info","ts":1791005312.554494,"caller":"logger/logger.go:23","msg":"request data","uri":"/update","method":"POST","time":0.010875125,"statusCode":200,"bytes":23,"Content-Encoding":[]}
{"level":"info","ts":1791005312.572376,"caller":"logger/logger.go:23","msg":"request data","uri":"/update/gauge/load_update_url_gauge/25.5","method":"POST","time":0.014658833,"statusCode":200,"bytes":23,"Content-Encoding":[]}
{"level":"info","ts":1791005312.5907562,"caller":"logger/logger.go:23","msg":"request data","uri":"/updates/","method":"POST","time":0.027557,"statusCode":200,"bytes":23,"Content-Encoding":[]}
{"level":"info","ts":1791005312.600151,"caller":"logger/logger.go:23","msg":"request data","uri":"/updates/","method":"POST","time":0.01475425,"statusCode":200,"bytes":23,"Content-Encoding":[]}
{"level":"info","ts":1791005312.600749,"caller":"logger/logger.go:23","msg":"request data","uri":"/update/gauge/load_update_url_gauge/25.5","method":"POST","time":0.014194958,"statusCode":200,"bytes":23,"Content-Encoding":[]}
{"level":"info","ts":1791005312.6007822,"caller":"logger/logger.go:23","msg":"request data","uri":"/updates/","method":"POST","time":0.014876375,"statusCode":200,"bytes":23,"Content-Encoding":[]}
{"level":"info","ts":1791005312.6013372,"caller":"logger/logger.go:23","msg":"request data","uri":"/updates/","method":"POST","time":0.014765833,"statusCode":200,"bytes":23,"Content-Encoding":[]}
{"level":"info","ts":1791005312.6020591,"caller":"logger/logger.go:23","msg":"request data","uri":"/updates/","method":"POST","time":0.01479325,"statusCode":200,"bytes":23,"Content-Encoding":[]}
{"level":"info","ts":1791005312.602612,"caller":"logger/logger.go:23","msg":"request data","uri":"/updates/","method":"POST","time":0.014195166,"statusCode":200,"bytes":23,"Content-Encoding":[]}
{"level":"info","ts":1791005312.603095,"caller":"logger/logger.go:23","msg":"request data","uri":"/updates/","method":"POST","time":0.014095375,"statusCode":200,"bytes":23,"Content-Encoding":[]}
{"level":"info","ts":1791005312.603822,"caller":"logger/logger.go:23","msg":"request data","uri":"/updates/","method":"POST","time":0.014067792,"statusCode":200,"bytes":23,"Content-Encoding":[]}
{"level":"info","ts":1791005312.604348,"caller":"logger/logger.go:23","msg":"request data","uri":"/update/gauge/load_update_url_gauge/25.5","method":"POST","time":0.013514792,"statusCode":200,"bytes":23,"Content-Encoding":[]}
{"level":"info","ts":1791005312.604374,"caller":"logger/logger.go:23","msg":"request data","uri":"/updates/","method":"POST","time":0.014066584,"statusCode":200,"bytes":23,"Content-Encoding":[]}
{"level":"info","ts":1791005312.6050858,"caller":"logger/logger.go:23","msg":"request data","uri":"/update/gauge/load_update_url_gauge/25.5","method":"POST","time":0.0134345,"statusCode":200,"bytes":23,"Content-Encoding":[]}
{"level":"info","ts":1791005312.6051042,"caller":"logger/logger.go:23","msg":"request data","uri":"/update/gauge/load_update_url_gauge/25.5","method":"POST","time":0.013439,"statusCode":200,"bytes":23,"Content-Encoding":[]}
{"level":"info","ts":1791005312.605108,"caller":"logger/logger.go:23","msg":"request data","uri":"/updates/","method":"POST","time":0.014219333,"statusCode":200,"bytes":23,"Content-Encoding":[]}
{"level":"info","ts":1791005312.605113,"caller":"logger/logger.go:23","msg":"request data","uri":"/update/gauge/load_update_url_gauge/25.5","method":"POST","time":0.013276958,"statusCode":200,"bytes":23,"Content-Encoding":[]}
{"level":"info","ts":1791005312.605139,"caller":"logger/logger.go:23","msg":"request data","uri":"/update/gauge/load_update_url_gauge/25.5","method":"POST","time":0.013288333,"statusCode":200,"bytes":23,"Content-Encoding":[]}
{"level":"info","ts":1791005312.605152,"caller":"logger/logger.go:23","msg":"request data","uri":"/update","method":"POST","time":0.01328925,"statusCode":200,"bytes":23,"Content-Encoding":[]}
{"level":"info","ts":1791005312.605178,"caller":"logger/logger.go:23","msg":"request data","uri":"/update/gauge/load_update_url_gauge/25.5","method":"POST","time":0.013297709,"statusCode":200,"bytes":23,"Content-Encoding":[]}
{"level":"info","ts":1791005312.60521,"caller":"logger/logger.go:23","msg":"request data","uri":"/update/gauge/load_update_url_gauge/25.5","method":"POST","time":0.013316875,"statusCode":200,"bytes":23,"Content-Encoding":[]}
{"level":"info","ts":1791005312.605236,"caller":"logger/logger.go:23","msg":"request data","uri":"/update/gauge/load_update_url_gauge/25.5","method":"POST","time":0.013324291,"statusCode":200,"bytes":23,"Content-Encoding":[]}
{"level":"info","ts":1791005312.605259,"caller":"logger/logger.go:23","msg":"request data","uri":"/update/gauge/load_update_url_gauge/25.5","method":"POST","time":0.01334025,"statusCode":200,"bytes":23,"Content-Encoding":[]}
{"level":"info","ts":1791005312.605273,"caller":"logger/logger.go:23","msg":"request data","uri":"/update","method":"POST","time":0.013345458,"statusCode":200,"bytes":23,"Content-Encoding":[]}
{"level":"info","ts":1791005312.6052852,"caller":"logger/logger.go:23","msg":"request data","uri":"/update","method":"POST","time":0.01333175,"statusCode":200,"bytes":23,"Content-Encoding":[]}
{"level":"info","ts":1791005312.6052868,"caller":"logger/logger.go:23","msg":"request data","uri":"/update/gauge/load_update_url_gauge/25.5","method":"POST","time":0.000028,"statusCode":200,"bytes":23,"Content-Encoding":[]}
{"level":"info","ts":1791005312.605293,"caller":"logger/logger.go:23","msg":"request data","uri":"/update/gauge/load_update_url_gauge/25.5","method":"POST","time":0.000019709,"statusCode":200,"bytes":23,"Content-Encoding":[]}
{"level":"info","ts":1791005312.6053,"caller":"logger/logger.go:23","msg":"request data","uri":"/update/gauge/load_update_url_gauge/25.5","method":"POST","time":0.013313958,"statusCode":200,"bytes":23,"Content-Encoding":[]}
{"level":"info","ts":1791005312.6052978,"caller":"logger/logger.go:23","msg":"request data","uri":"/update/gauge/load_update_url_gauge/25.5","method":"POST","time":0.000032667,"statusCode":200,"bytes":23,"Content-Encoding":[]}
{"level":"info","ts":1791005312.605312,"caller":"logger/logger.go:23","msg":"request data","uri":"/update","method":"POST","time":0.013226666,"statusCode":200,"bytes":23,"Content-Encoding":[]}
{"level":"info","ts":1791005312.60532,"caller":"logger/logger.go:23","msg":"request data","uri":"/update/gauge/load_update_url_gauge/25.5","method":"POST","time":0.013141666,"statusCode":200,"bytes":23,"Content-Encoding":[]}
{"level":"info","ts":1791005312.60641,"caller":"logger/logger.go:23","msg":"request data","uri":"/update/gauge/load_update_url_gauge/25.5","method":"POST","time":0.014224125,"statusCode":200,"bytes":23,"Content-Encoding":[]}
{"level":"info","ts":1791005312.606428,"caller":"logger/logger.go:23","msg":"request data","uri":"/update/gauge/load_update_url_gauge/25.5","method":"POST","time":0.014188584,"statusCode":200,"bytes":23,"Content-Encoding":[]}
{"level":"info","ts":1791005312.606443,"caller":"logger/logger.go:23","msg":"request data","uri":"/updates/","method":"POST","time":0.001171625,"statusCode":200,"bytes":23,"Content-Encoding":[]}
{"level":"info","ts":1791005312.606446,"caller":"logger/logger.go:23","msg":"request data","uri":"/update","method":"POST","time":0.014094834,"statusCode":200,"bytes":23,"Content-Encoding":[]}
{"level":"info","ts":1791005312.606459,"caller":"logger/logger.go:23","msg":"request data","uri":"/update","method":"POST","time":0.014092917,"statusCode":200,"bytes":23,"Content-Encoding":[]}
{"level":"info","ts":1791005312.6064699,"caller":"logger/logger.go:23","msg":"request data","uri":"/update","method":"POST","time":0.014078167,"statusCode":200,"bytes":23,"Content-Encoding":[]}
{"level":"info","ts":1791005312.606493,"caller":"logger/logger.go:23","msg":"request data","uri":"/update","method":"POST","time":0.014096958,"statusCode":200,"bytes":23,"Content-Encoding":[]}
{"level":"info","ts":1791005312.6065001,"caller":"logger/logger.go:23","msg":"request data","uri":"/update","method":"POST","time":0.013534542,"statusCode":200,"bytes":23,"Content-Encoding":[]}
{"level":"info","ts":1791005312.606512,"caller":"logger/logger.go:23","msg":"request data","uri":"/update/gauge/load_update_url_gauge/25.5","method":"POST","time":0.0134995,"statusCode":200,"bytes":23,"Content-Encoding":[]}
{"level":"info","ts":1791005312.6065211,"caller":"logger/logger.go:23","msg":"request data","uri":"/update/gauge/load_update_url_gauge/25.5","method":"POST","time":0.013503208,"statusCode":200,"bytes":23,"Content-Encoding":[]}
{"level":"info","ts":1791005312.606542,"caller":"logger/logger.go:23","msg":"request data","uri":"/update","method":"POST","time":0.013515834,"statusCode":200,"bytes":23,"Content-Encoding":[]}
{"level":"info","ts":1791005312.606561,"caller":"logger/logger.go:23","msg":"request data","uri":"/update/gauge/load_update_url_gauge/25.5","method":"POST","time":0.013515459,"statusCode":200,"bytes":23,"Content-Encoding":[]}
{"level":"info","ts":1791005312.60657,"caller":"logger/logger.go:23","msg":"request data","uri":"/update/gauge/load_update_url_gauge/25.5","method":"POST","time":0.000021209,"statusCode":200,"bytes":23,"Content-Encoding":[]}
{"level":"info","ts":1791005312.607438,"caller":"logger/logger.go:23","msg":"request data","uri":"/update/gauge/load_update_url_gauge/25.5","method":"POST","time":0.000877292,"statusCode":200,"bytes":23,"Content-Encoding":[]}
{"level":"info","ts":1791005312.607458,"caller":"logger/logger.go:23","msg":"request data","uri":"/update","method":"POST","time":0.000860583,"statusCode":200,"bytes":23,"Content-Encoding":[]}
{"level":"info","ts":1791005312.607467,"caller":"logger/logger.go:23","msg":"request data","uri":"/updates/","method":"POST","time":0.01441225,"statusCode":200,"bytes":23,"Content-Encoding":[]}
{"level":"info","ts":1791005312.6074722,"caller":"logger/logger.go:23","msg":"request data","uri":"/update/gauge/load_update_url_gauge/25.5","method":"POST","time":0.013088333,"statusCode":200,"bytes":23,"Content-Encoding":[]}
{"level":"info","ts":1791005312.607498,"caller":"logger/logger.go:23","msg":"request data","uri":"/update/gauge/load_update_url_gauge/25.5","method":"POST","time":0.013091208,"statusCode":200,"bytes":23,"Content-Encoding":[]}
{"level":"info","ts":1791005312.6075132,"caller":"logger/logger.go:23","msg":"request data","uri":"/update/gauge/load_update_url_gauge/25.5","method":"POST","time":0.01309925,"statusCode":200,"bytes":23,"Content-Encoding":[]}
{"level":"info","ts":1791005312.6084638,"caller":"logger/logger.go:23","msg":"request data","uri":"/updates/","method":"POST","time":0.014048375,"statusCode":200,"bytes":23,"Content-Encoding":[]}
{"level":"info","ts":1791005312.609101,"caller":"logger/logger.go:23","msg":"request data","uri":"/update","method":"POST","time":0.013356125,"statusCode":200,"bytes":23,"Content-Encoding":[]}
{"level":"info","ts":1791005312.6091578,"caller":"logger/logger.go:23","msg":"request data","uri":"/updates/","method":"POST","time":0.013972625,"statusCode":200,"bytes":23,"Content-Encoding":[]}
{"level":"info","ts":1791005312.6097422,"caller":"logger/logger.go:23","msg":"request data","uri":"/update","method":"POST","time":0.013295375,"statusCode":200,"bytes":23,"Content-Encoding":[]}
{"level":"info","ts":1791005312.609778,"caller":"logger/logger.go:23","msg":"request data","uri":"/updates/","method":"POST","time":0.013998334,"statusCode":200,"bytes":23,"Content-Encoding":[]}
{"level":"info","ts":1791005312.610367,"caller":"logger/logger.go:23","msg":"request data","uri":"/updates/","method":"POST","time":0.0138865,"statusCode":200,"bytes":23,"Content-Encoding":[]}
{"level":"info","ts":1791005312.610373,"caller":"logger/logger.go:23","msg":"request data","uri":"/update","method":"POST","time":0.013305791,"statusCode":200,"bytes":23,"Content-Encoding":[]}
{"level":"info","ts":1791005312.6103659,"caller":"logger/logger.go:23","msg":"request data","uri":"/update","method":"POST","time":0.01330175,"statusCode":200,"bytes":23,"Content-Encoding":[]}
{"level":"info","ts":1791005312.611115,"caller":"logger/logger.go:23","msg":"request data","uri":"/update","method":"POST","time":0.014032208,"statusCode":200,"bytes":23,"Content-Encoding":[]}
{"level":"info","ts":1791005312.611135,"caller":"logger/logger.go:23","msg":"request data","uri":"/update","method":"POST","time":0.014027791,"statusCode":200,"bytes":23,"Content-Encoding":[]}
{"level":"info","ts":1791005312.611152,"caller":"logger/logger.go:23","msg":"request data","uri":"/update","method":"POST","time":0.014054333,"statusCode":200,"bytes":23,"Content-Encoding":[]}
{"level":"info","ts":1791005312.6111622,"caller":"logger/logger.go:23","msg":"request data","uri":"/updates/","method":"POST","time":0.014092833,"statusCode":200,"bytes":23,"Content-Encoding":[]}
{"level":"info","ts":1791005312.611168,"caller":"logger/logger.go:23","msg":"request data","uri":"/update","method":"POST","time":0.014071291,"statusCode":200,"bytes":23,"Content-Encoding":[]}
{"level":"info","ts":1791005312.611182,"caller":"logger/logger.go:23","msg":"request data","uri":"/update","method":"POST","time":0.014082792,"statusCode":200,"bytes":23,"Content-Encoding":[]}
{"level":"info","ts":1791005312.6112099,"caller":"logger/logger.go:23","msg":"request data","uri":"/update","method":"POST","time":0.014098042,"statusCode":200,"bytes":23,"Content-Encoding":[]}
{"level":"info","ts":1791005312.612148,"caller":"logger/logger.go:23","msg":"request data","uri":"/updates/","method":"POST","time":0.014447958,"statusCode":200,"bytes":23,"Content-Encoding":[]}
{"level":"info","ts":1791005312.612841,"caller":"logger/logger.go:23","msg":"request data","uri":"/updates/","method":"POST","time":0.01450025,"statusCode":200,"bytes":23,"Content-Encoding":[]}
{"level":"info","ts":1791005312.6133802,"caller":"logger/logger.go:23","msg":"request data","uri":"/updates/","method":"POST","time":0.014409791,"statusCode":200,"bytes":23,"Content-Encoding":[]}
{"level":"info","ts":1791005312.6140742,"caller":"logger/logger.go:23","msg":"request data","uri":"/updates/","method":"POST","time":0.014338375,"statusCode":200,"bytes":23,"Content-Encoding":[]}
{"level":"info","ts":1791005312.614599,"caller":"logger/logger.go:23","msg":"request data","uri":"/update/gauge/load_update_url_gauge/25.5","method":"POST","time":0.013718084,"statusCode":200,"bytes":23,"Content-Encoding":[]}
{"level":"info","ts":1791005312.614623,"caller":"logger/logger.go:23","msg":"request data","uri":"/updates/","method":"POST","time":0.014346666,"statusCode":200,"bytes":23,"Content-Encoding":[]}
{"level":"info","ts":1791005312.615387,"caller":"logger/logger.go:23","msg":"request data","uri":"/updates/","method":"POST","time":0.014475958,"statusCode":200,"bytes":23,"Content-Encoding":[]}
{"level":"info","ts":1791005312.615894,"caller":"logger/logger.go:23","msg":"request data","uri":"/updates/","method":"POST","time":0.014438875,"statusCode":200,"bytes":23,"Content-Encoding":[]}
{"level":"info","ts":1791005312.616461,"caller":"logger/logger.go:23","msg":"request data","uri":"/updates/","method":"POST","time":0.014286834,"statusCode":200,"bytes":23,"Content-Encoding":[]}
{"level":"info","ts":1791005312.6171992,"caller":"logger/logger.go:23","msg":"request data","uri":"/updates/","method":"POST","time":0.014472125,"statusCode":200,"bytes":23,"Content-Encoding":[]}
{"level":"info","ts":1791005312.617816,"caller":"logger/logger.go:23","msg":"request data","uri":"/updates/","method":"POST","time":0.014611625,"statusCode":200,"bytes":23,"Content-Encoding":[]}
{"level":"info","ts":1791005312.61846,"caller":"logger/logger.go:23","msg":"request data","uri":"/updates/","method":"POST","time":0.014538125,"statusCode":200,"bytes":23,"Content-Encoding":[]}
{"level":"info","ts":1791005312.6190069,"caller":"logger/logger.go:23","msg":"request data","uri":"/update/gauge/load_update_url_gauge/25.5","method":"POST","time":0.014442666,"statusCode":200,"bytes":23,"Content-Encoding":[]}
{"level":"info","ts":1791005312.619045,"caller":"logger/logger.go:23","msg":"request data","uri":"/updates/","method":"POST","time":0.014523209,"statusCode":200,"bytes":23,"Content-Encoding":[]}
{"level":"info","ts":1791005312.619051,"caller":"logger/logger.go:23","msg":"request data","uri":"/update","method":"POST","time":0.013727792,"statusCode":200,"bytes":23,"Content-Encoding":[]}
{"level":"info","ts":1791005312.619036,"caller":"logger/logger.go:23","msg":"request data","uri":"/update/gauge/load_update_url_gauge/25.5","method":"POST","time":0.013717875,"statusCode":200,"bytes":23,"Content-Encoding":[]}
{"level":"info","ts":1791005312.61907,"caller":"logger/logger.go:23","msg":"request data","uri":"/update/gauge/load_update_url_gauge/25.5","method":"POST","time":0.013687333,"statusCode":200,"bytes":23,"Content-Encoding":[]}
{"level":"info","ts":1791005312.6190798,"caller":"logger/logger.go:23","msg":"request data","uri":"/update/gauge/load_update_url_gauge/25.5","method":"POST","time":0.013699,"statusCode":200,"bytes":23,"Content-Encoding":[]}
{"level":"info","ts":1791005312.619092,"caller":"logger/logger.go:23","msg":"request data","uri":"/update/gauge/load_update_url_gauge/25.5","method":"POST","time":0.013675125,"statusCode":200,"bytes":23,"Content-Encoding":[]}
{"level":"info","ts":1791005312.6190999,"caller":"logger/logger.go:23","msg":"request data","uri":"/update","method":"POST","time":0.013624458,"statusCode":200,"bytes":23,"Content-Encoding":[]}
{"level":"info","ts":1791005312.6191192,"caller":"logger/logger.go:23","msg":"request data","uri":"/update/gauge/load_update_url_gauge/25.5","method":"POST","time":0.01333875,"statusCode":200,"bytes":23,"Content-Encoding":[]}
{"level":"info","ts":1791005312.619157,"caller":"logger/logger.go:23","msg":"request data","uri":"/update/gauge/load_update_url_gauge/25.5","method":"POST","time":0.013363541,"statusCode":200,"bytes":23,"Content-Encoding":[]}
{"level":"info","ts":1791005312.619164,"caller":"logger/logger.go:23","msg":"request data","uri":"/update/gauge/load_update_url_gauge/25.5","method":"POST","time":0.000019,"statusCode":200,"bytes":23,"Content-Encoding":[]}
{"level":"info","ts":1791005312.619175,"caller":"logger/logger.go:23","msg":"request data","uri":"/update","method":"POST","time":0.013385708,"statusCode":200,"bytes":23,"Content-Encoding":[]}
{"level":"info","ts":1791005312.619189,"caller":"logger/logger.go:23","msg":"request data","uri":"/update/gauge/load_update_url_gauge/25.5","method":"POST","time":0.013385125,"statusCode":200,"bytes":23,"Content-Encoding":[]}
{"level":"info","ts":1791005312.6192021,"caller":"logger/logger.go:23","msg":"request data","uri":"/update","method":"POST","time":0.013387458,"statusCode":200,"bytes":23,"Content-Encoding":[]}
{"level":"info","ts":1791005312.6203809,"caller":"logger/logger.go:23","msg":"request data","uri":"/update/gauge/load_update_url_gauge/25.5","method":"POST","time":0.014353833,"statusCode":200,"bytes":23,"Content-Encoding":[]}
{"level":"info","ts":1791005312.620404,"caller":"logger/logger.go:23","msg":"request data","uri":"/update/gauge/load_update_url_gauge/25.5","method":"POST","time":0.014379167,"statusCode":200,"bytes":23,"Content-Encoding":[]}
{"level":"info","ts":1791005312.620418,"caller":"logger/logger.go:23","msg":"request data","uri":"/update/gauge/load_update_url_gauge/25.5","method":"POST","time":0.014387875,"statusCode":200,"bytes":23,"Content-Encoding":[]}
{"level":"info","ts":1791005312.620424,"caller":"logger/logger.go:23","msg":"request data","uri":"/updates/","method":"POST","time":0.001253917,"statusCode":200,"bytes":23,"Content-Encoding":[]}
{"level":"info","ts":1791005312.621073,"caller":"logger/logger.go:23","msg":"request data","uri":"/updates/","method":"POST","time":0.027234916,"statusCode":200,"bytes":23,"Content-Encoding":[]}
{"level":"info","ts":1791005312.6217651,"caller":"logger/logger.go:23","msg":"request data","uri":"/update","method":"POST","time":0.015111,"statusCode":200,"bytes":23,"Content-Encoding":[]}
{"level":"info","ts":1791005312.6217852,"caller":"logger/logger.go:23","msg":"request data","uri":"/update/gauge/load_update_url_gauge/25.5","method":"POST","time":0.015105458,"statusCode":200,"bytes":23,"Content-Encoding":[]}
{"level":"info","ts":1791005312.62179,"caller":"logger/logger.go:23","msg":"request data","uri":"/updates/","method":"POST","time":0.015186542,"statusCode":200,"bytes":23,"Content-Encoding":[]}
{"level":"info","ts":1791005312.621803,"caller":"logger/logger.go:23","msg":"request data","uri":"/update","method":"POST","time":0.015095167,"statusCode":200,"bytes":23,"Content-Encoding":[]}
{"level":"info","ts":1791005312.621826,"caller":"logger/logger.go:23","msg":"request data","uri":"/update","method":"POST","time":0.015119917,"statusCode":200,"bytes":23,"Content-Encoding":[]}
{"level":"info","ts":1791005312.62185,"caller":"logger/logger.go:23","msg":"request data","uri":"/update/gauge/load_update_url_gauge/25.5","method":"POST","time":0.015127083,"statusCode":200,"bytes":23,"Content-Encoding":[]}
{"level":"info","ts":1791005312.621877,"caller":"logger/logger.go:23","msg":"request data","uri":"/update/gauge/load_update_url_gauge/25.5","method":"POST","time":0.015116208,"statusCode":200,"bytes":23,"Content-Encoding":[]}
{"level":"info","ts":1791005312.6472871,"caller":"logger/logger.go:23","msg":"request data","uri":"/updates/","method":"POST","time":0.013231125,"statusCode":200,"bytes":23,"Content-Encoding":[]}
{"level":"info","ts":1791005312.6655738,"caller":"logger/logger.go:23","msg":"request data","uri":"/updates/","method":"POST","time":0.013938125,"statusCode":200,"bytes":23,"Content-Encoding":[]}
{"level":"info","ts":1791005312.690454,"caller":"logger/logger.go:23","msg":"request data","uri":"/update/gauge/load_update_url_gauge/25.5","method":"POST","time":0.0136055,"statusCode":200,"bytes":23,"Content-Encoding":[]}
{"level":"info","ts":1791005312.711735,"caller":"logger/logger.go:23","msg":"request data","uri":"/update/gauge/load_update_url_gauge/25.5","method":"POST","time":0.013001041,"statusCode":200,"bytes":23,"Content-Encoding":[]}
{"level":"info","ts":1791005312.733227,"caller":"logger/logger.go:23","msg":"request data","uri":"/update","method":"POST","time":0.01379725,"statusCode":200,"bytes":23,"Content-Encoding":[]}
{"level":"info","ts":1791005312.7488241,"caller":"logger/logger.go:23","msg":"request data","uri":"/update/gauge/load_update_url_gauge/25.5","method":"POST","time":0.013608167,"statusCode":200,"bytes":23,"Content-Encoding":[]}
{"level":"info","ts":1791005312.7750368,"caller":"logger/logger.go:23","msg":"request data","uri":"/update/gauge/load_update_url_gauge/25.5","method":"POST","time":0.013357334,"statusCode":200,"bytes":23,"Content-Encoding":[]}
{"level":"info","ts":1791005312.790566,"caller":"logger/logger.go:23","msg":"request data","uri":"/update","method":"POST","time":0.012916042,"statusCode":200,"bytes":23,"Content-Encoding":[]}
{"level":"info","ts":1791005312.812088,"caller":"logger/logger.go:23","msg":"request data","uri":"/update/gauge/load_update_url_gauge/25.5","method":"POST","time":0.0039225,"statusCode":200,"bytes":23,"Content-Encoding":[]}
{"level":"info","ts":1791005312.8275928,"caller":"logger/logger.go:23","msg":"request data","uri":"/update/gauge/load_update_url_gauge/25.5","method":"POST","time":0.012303708,"statusCode":200,"bytes":23,"Content-Encoding":[]}
{"level":"info","ts":1791005312.853151,"caller":"logger/logger.go:23","msg":"request data","uri":"/update/gauge/load_update_url_gauge/25.5","method":"POST","time":0.013201375,"statusCode":200,"bytes":23,"Content-Encoding":[]}
{"level":"info","ts":1791005312.8677251,"caller":"logger/logger.go:23","msg":"request data","uri":"/update","method":"POST","time":0.0119475,"statusCode":200,"bytes":23,"Content-Encoding":[]}
{"level":"info","ts":1791005312.885526,"caller":"logger/logger.go:23","msg":"request data","uri":"/update","method":"POST","time":0.003336709,"statusCode":200,"bytes":23,"Content-Encoding":[]}
{"level":"info","ts":1791005312.902064,"caller":"logger/logger.go:23","msg":"request data","uri":"/update","method":"POST","time":0.014305416,"statusCode":200,"bytes":23,"Content-Encoding":[]}
{"level":"info","ts":1791005312.9190369,"caller":"logger/logger.go:23","msg":"request data","uri":"/update","method":"POST","time":0.013067167,"statusCode":200,"bytes":23,"Content-Encoding":[]}
{"level":"info","ts":1791005312.9411662,"caller":"logger/logger.go:23","msg":"request data","uri":"/updates/","method":"POST","time":0.013532834,"statusCode":200,"bytes":23,"Content-Encoding":[]}
{"level":"info","ts":1791005312.9607701,"caller":"logger/logger.go:23","msg":"request data","uri":"/update","method":"POST","time":0.012984541,"statusCode":200,"bytes":23,"Content-Encoding":[]}
{"level":"info","ts":1791005312.985486,"caller":"logger/logger.go:23","msg":"request data","uri":"/updates/","method":"POST","time":0.014355666,"statusCode":200,"bytes":23,"Content-Encoding":[]}
{"level":"info","ts":1791005313.0035331,"caller":"logger/logger.go:23","msg":"request data","uri":"/updates/","method":"POST","time":0.026316541,"statusCode":200,"bytes":23,"Content-Encoding":[]}
{"level":"info","ts":1791005313.02126,"caller":"logger/logger.go:23","msg":"request data","uri":"/update","method":"POST","time":0.012970334,"statusCode":200,"bytes":23,"Content-Encoding":[]}
{"level":"info","ts":1791005313.046133,"caller":"logger/logger.go:23","msg":"request data","uri":"/updates/","method":"POST","time":0.013957791,"statusCode":200,"bytes":23,"Content-Encoding":[]}
2026/10/03 10:28:33 DB STATS: open=21 in_use=2 idle=19 wait_count=0 wait_duration=0s max_open=0
{"level":"info","ts":1791005313.0649788,"caller":"logger/logger.go:23","msg":"request data","uri":"/update","method":"POST","time":0.003725625,"statusCode":200,"bytes":23,"Content-Encoding":[]}
{"level":"info","ts":1791005313.0898979,"caller":"logger/logger.go:23","msg":"request data","uri":"/updates/","method":"POST","time":0.012610834,"statusCode":200,"bytes":23,"Content-Encoding":[]}
{"level":"info","ts":1791005313.1089668,"caller":"logger/logger.go:23","msg":"request data","uri":"/update/gauge/load_update_url_gauge/25.5","method":"POST","time":0.012840583,"statusCode":200,"bytes":23,"Content-Encoding":[]}
{"level":"info","ts":1791005313.134563,"caller":"logger/logger.go:23","msg":"request data","uri":"/updates/","method":"POST","time":0.013726666,"statusCode":200,"bytes":23,"Content-Encoding":[]}
{"level":"info","ts":1791005313.1523461,"caller":"logger/logger.go:23","msg":"request data","uri":"/update/gauge/load_update_url_gauge/25.5","method":"POST","time":0.013895166,"statusCode":200,"bytes":23,"Content-Encoding":[]}
{"level":"info","ts":1791005313.173162,"caller":"logger/logger.go:23","msg":"request data","uri":"/updates/","method":"POST","time":0.013444083,"statusCode":200,"bytes":23,"Content-Encoding":[]}
{"level":"info","ts":1791005313.194667,"caller":"logger/logger.go:23","msg":"request data","uri":"/update/gauge/load_update_url_gauge/25.5","method":"POST","time":0.013105041,"statusCode":200,"bytes":23,"Content-Encoding":[]}
{"level":"info","ts":1791005313.2206762,"caller":"logger/logger.go:23","msg":"request data","uri":"/updates/","method":"POST","time":0.013927583,"statusCode":200,"bytes":23,"Content-Encoding":[]}
{"level":"info","ts":1791005313.249296,"caller":"logger/logger.go:23","msg":"request data","uri":"/updates/","method":"POST","time":0.012898417,"statusCode":200,"bytes":23,"Content-Encoding":[]}
{"level":"info","ts":1791005313.283365,"caller":"logger/logger.go:23","msg":"request data","uri":"/update/gauge/load_update_url_gauge/25.5","method":"POST","time":0.012340333,"statusCode":200,"bytes":23,"Content-Encoding":[]}
{"level":"info","ts":1791005313.325045,"caller":"logger/logger.go:23","msg":"request data","uri":"/updates/","method":"POST","time":0.012678709,"statusCode":200,"bytes":23,"Content-Encoding":[]}
{"level":"info","ts":1791005313.388213,"caller":"logger/logger.go:23","msg":"request data","uri":"/updates/","method":"POST","time":0.011649958,"statusCode":200,"bytes":23,"Content-Encoding":[]}
{"level":"info","ts":1791005313.4462469,"caller":"logger/logger.go:23","msg":"request data","uri":"/updates/","method":"POST","time":0.011172125,"statusCode":200,"bytes":23,"Content-Encoding":[]}
{"level":"info","ts":1791005313.5037398,"caller":"logger/logger.go:23","msg":"request data","uri":"/updates/","method":"POST","time":0.012220083,"statusCode":200,"bytes":23,"Content-Encoding":[]}
{"level":"info","ts":1791005313.561607,"caller":"logger/logger.go:23","msg":"request data","uri":"/updates/","method":"POST","time":0.010729625,"statusCode":200,"bytes":23,"Content-Encoding":[]}
{"level":"info","ts":1791005313.6002429,"caller":"logger/logger.go:23","msg":"request data","uri":"/updates/","method":"POST","time":0.011111875,"statusCode":200,"bytes":23,"Content-Encoding":[]}
{"level":"info","ts":1791005313.600838,"caller":"logger/logger.go:23","msg":"request data","uri":"/updates/","method":"POST","time":0.011214667,"statusCode":200,"bytes":23,"Content-Encoding":[]}
{"level":"info","ts":1791005313.6013818,"caller":"logger/logger.go:23","msg":"request data","uri":"/updates/","method":"POST","time":0.011294,"statusCode":200,"bytes":23,"Content-Encoding":[]}
{"level":"info","ts":1791005313.601995,"caller":"logger/logger.go:23","msg":"request data","uri":"/updates/","method":"POST","time":0.011331208,"statusCode":200,"bytes":23,"Content-Encoding":[]}
{"level":"info","ts":1791005313.602515,"caller":"logger/logger.go:23","msg":"request data","uri":"/updates/","method":"POST","time":0.0113525,"statusCode":200,"bytes":23,"Content-Encoding":[]}
{"level":"info","ts":1791005313.6030898,"caller":"logger/logger.go:23","msg":"request data","uri":"/updates/","method":"POST","time":0.011318916,"statusCode":200,"bytes":23,"Content-Encoding":[]}
{"level":"info","ts":1791005313.603609,"caller":"logger/logger.go:23","msg":"request data","uri":"/updates/","method":"POST","time":0.011337708,"statusCode":200,"bytes":23,"Content-Encoding":[]}
{"level":"info","ts":1791005313.604337,"caller":"logger/logger.go:23","msg":"request data","uri":"/updates/","method":"POST","time":0.0112825,"statusCode":200,"bytes":23,"Content-Encoding":[]}
{"level":"info","ts":1791005313.604873,"caller":"logger/logger.go:23","msg":"request data","uri":"/updates/","method":"POST","time":0.011221584,"statusCode":200,"bytes":23,"Content-Encoding":[]}
{"level":"info","ts":1791005313.605402,"caller":"logger/logger.go:23","msg":"request data","uri":"/updates/","method":"POST","time":0.011045,"statusCode":200,"bytes":23,"Content-Encoding":[]}
{"level":"info","ts":1791005313.606049,"caller":"logger/logger.go:23","msg":"request data","uri":"/updates/","method":"POST","time":0.011175792,"statusCode":200,"bytes":23,"Content-Encoding":[]}
{"level":"info","ts":1791005313.606583,"caller":"logger/logger.go:23","msg":"request data","uri":"/updates/","method":"POST","time":0.0111815,"statusCode":200,"bytes":23,"Content-Encoding":[]}
{"level":"info","ts":1791005313.6071959,"caller":"logger/logger.go:23","msg":"request data","uri":"/updates/","method":"POST","time":0.011210375,"statusCode":200,"bytes":23,"Content-Encoding":[]}
{"level":"info","ts":1791005313.6076841,"caller":"logger/logger.go:23","msg":"request data","uri":"/updates/","method":"POST","time":0.011101292,"statusCode":200,"bytes":23,"Content-Encoding":[]}
{"level":"info","ts":1791005313.608311,"caller":"logger/logger.go:23","msg":"request data","uri":"/updates/","method":"POST","time":0.011136917,"statusCode":200,"bytes":23,"Content-Encoding":[]}
{"level":"info","ts":1791005313.608864,"caller":"logger/logger.go:23","msg":"request data","uri":"/updates/","method":"POST","time":0.011187583,"statusCode":200,"bytes":23,"Content-Encoding":[]}
{"level":"info","ts":1791005313.609478,"caller":"logger/logger.go:23","msg":"request data","uri":"/updates/","method":"POST","time":0.011160792,"statusCode":200,"bytes":23,"Content-Encoding":[]}
{"level":"info","ts":1791005313.609984,"caller":"logger/logger.go:23","msg":"request data","uri":"/updates/","method":"POST","time":0.011171458,"statusCode":200,"bytes":23,"Content-Encoding":[]}
{"level":"info","ts":1791005313.610527,"caller":"logger/logger.go:23","msg":"request data","uri":"/updates/","method":"POST","time":0.011144084,"statusCode":200,"bytes":23,"Content-Encoding":[]}
{"level":"info","ts":1791005313.611179,"caller":"logger/logger.go:23","msg":"request data","uri":"/updates/","method":"POST","time":0.01134825,"statusCode":200,"bytes":23,"Content-Encoding":[]}
{"level":"info","ts":1791005313.6117089,"caller":"logger/logger.go:23","msg":"request data","uri":"/updates/","method":"POST","time":0.011346875,"statusCode":200,"bytes":23,"Content-Encoding":[]}
{"level":"info","ts":1791005313.612276,"caller":"logger/logger.go:23","msg":"request data","uri":"/updates/","method":"POST","time":0.01132475,"statusCode":200,"bytes":23,"Content-Encoding":[]}
{"level":"info","ts":1791005313.612797,"caller":"logger/logger.go:23","msg":"request data","uri":"/updates/","method":"POST","time":0.011308916,"statusCode":200,"bytes":23,"Content-Encoding":[]}
{"level":"info","ts":1791005313.613408,"caller":"logger/logger.go:23","msg":"request data","uri":"/updates/","method":"POST","time":0.0112905,"statusCode":200,"bytes":23,"Content-Encoding":[]}
{"level":"info","ts":1791005313.613905,"caller":"logger/logger.go:23","msg":"request data","uri":"/updates/","method":"POST","time":0.011294583,"statusCode":200,"bytes":23,"Content-Encoding":[]}
{"level":"info","ts":1791005313.6144562,"caller":"logger/logger.go:23","msg":"request data","uri":"/updates/","method":"POST","time":0.011254875,"statusCode":200,"bytes":23,"Content-Encoding":[]}
{"level":"info","ts":1791005313.614909,"caller":"logger/logger.go:23","msg":"request data","uri":"/updates/","method":"POST","time":0.011185625,"statusCode":200,"bytes":23,"Content-Encoding":[]}
{"level":"info","ts":1791005313.615577,"caller":"logger/logger.go:23","msg":"request data","uri":"/updates/","method":"POST","time":0.01113275,"statusCode":200,"bytes":23,"Content-Encoding":[]}
{"level":"info","ts":1791005313.6162188,"caller":"logger/logger.go:23","msg":"request data","uri":"/updates/","method":"POST","time":0.011247292,"statusCode":200,"bytes":23,"Content-Encoding":[]}
{"level":"info","ts":1791005313.616731,"caller":"logger/logger.go:23","msg":"request data","uri":"/updates/","method":"POST","time":0.011201667,"statusCode":200,"bytes":23,"Content-Encoding":[]}
{"level":"info","ts":1791005313.617592,"caller":"logger/logger.go:23","msg":"request data","uri":"/updates/","method":"POST","time":0.011434708,"statusCode":200,"bytes":23,"Content-Encoding":[]}
{"level":"info","ts":1791005313.618119,"caller":"logger/logger.go:23","msg":"request data","uri":"/updates/","method":"POST","time":0.01144275,"statusCode":200,"bytes":23,"Content-Encoding":[]}
{"level":"info","ts":1791005313.618911,"caller":"logger/logger.go:23","msg":"request data","uri":"/updates/","method":"POST","time":0.011614542,"statusCode":200,"bytes":23,"Content-Encoding":[]}
{"level":"info","ts":1791005313.619423,"caller":"logger/logger.go:23","msg":"request data","uri":"/updates/","method":"POST","time":0.011640292,"statusCode":200,"bytes":23,"Content-Encoding":[]}
{"level":"info","ts":1791005313.6201742,"caller":"logger/logger.go:23","msg":"request data","uri":"/updates/","method":"POST","time":0.011764667,"statusCode":200,"bytes":23,"Content-Encoding":[]}
{"level":"info","ts":1791005313.6207302,"caller":"logger/logger.go:23","msg":"request data","uri":"/updates/","method":"POST","time":0.01175825,"statusCode":200,"bytes":23,"Content-Encoding":[]}
{"level":"info","ts":1791005313.621265,"caller":"logger/logger.go:23","msg":"request data","uri":"/updates/","method":"POST","time":0.011679666,"statusCode":200,"bytes":23,"Content-Encoding":[]}
{"level":"info","ts":1791005313.621944,"caller":"logger/logger.go:23","msg":"request data","uri":"/updates/","method":"POST","time":0.011847041,"statusCode":200,"bytes":23,"Content-Encoding":[]}
{"level":"info","ts":1791005313.622439,"caller":"logger/logger.go:23","msg":"request data","uri":"/updates/","method":"POST","time":0.011821208,"statusCode":200,"bytes":23,"Content-Encoding":[]}
{"level":"info","ts":1791005313.6230478,"caller":"logger/logger.go:23","msg":"request data","uri":"/updates/","method":"POST","time":0.011768667,"statusCode":200,"bytes":23,"Content-Encoding":[]}
{"level":"info","ts":1791005313.623574,"caller":"logger/logger.go:23","msg":"request data","uri":"/updates/","method":"POST","time":0.011759709,"statusCode":200,"bytes":23,"Content-Encoding":[]}
{"level":"info","ts":1791005313.624212,"caller":"logger/logger.go:23","msg":"request data","uri":"/updates/","method":"POST","time":0.011810958,"statusCode":200,"bytes":23,"Content-Encoding":[]}
{"level":"info","ts":1791005313.6246982,"caller":"logger/logger.go:23","msg":"request data","uri":"/updates/","method":"POST","time":0.011802375,"statusCode":200,"bytes":23,"Content-Encoding":[]}
{"level":"info","ts":1791005313.6254861,"caller":"logger/logger.go:23","msg":"request data","uri":"/updates/","method":"POST","time":0.011966042,"statusCode":200,"bytes":23,"Content-Encoding":[]}
{"level":"info","ts":1791005313.625983,"caller":"logger/logger.go:23","msg":"request data","uri":"/updates/","method":"POST","time":0.011954292,"statusCode":200,"bytes":23,"Content-Encoding":[]}
{"level":"info","ts":1791005313.626486,"caller":"logger/logger.go:23","msg":"request data","uri":"/updates/","method":"POST","time":0.011922625,"statusCode":200,"bytes":23,"Content-Encoding":[]}
{"level":"info","ts":1791005313.627437,"caller":"logger/logger.go:23","msg":"request data","uri":"/updates/","method":"POST","time":0.012240583,"statusCode":200,"bytes":23,"Content-Encoding":[]}
{"level":"info","ts":1791005313.6279302,"caller":"logger/logger.go:23","msg":"request data","uri":"/updates/","method":"POST","time":0.012243541,"statusCode":200,"bytes":23,"Content-Encoding":[]}
{"level":"info","ts":1791005313.6285288,"caller":"logger/logger.go:23","msg":"request data","uri":"/updates/","method":"POST","time":0.012203167,"statusCode":200,"bytes":23,"Content-Encoding":[]}
{"level":"info","ts":1791005313.629054,"caller":"logger/logger.go:23","msg":"request data","uri":"/updates/","method":"POST","time":0.012224667,"statusCode":200,"bytes":23,"Content-Encoding":[]}
{"level":"info","ts":1791005313.629833,"caller":"logger/logger.go:23","msg":"request data","uri":"/updates/","method":"POST","time":0.012101,"statusCode":200,"bytes":23,"Content-Encoding":[]}
{"level":"info","ts":1791005313.630344,"caller":"logger/logger.go:23","msg":"request data","uri":"/updates/","method":"POST","time":0.012080458,"statusCode":200,"bytes":23,"Content-Encoding":[]}
{"level":"info","ts":1791005313.6310022,"caller":"logger/logger.go:23","msg":"request data","uri":"/updates/","method":"POST","time":0.011935625,"statusCode":200,"bytes":23,"Content-Encoding":[]}
{"level":"info","ts":1791005313.6314938,"caller":"logger/logger.go:23","msg":"request data","uri":"/updates/","method":"POST","time":0.011932791,"statusCode":200,"bytes":23,"Content-Encoding":[]}
{"level":"info","ts":1791005313.631972,"caller":"logger/logger.go:23","msg":"request data","uri":"/updates/","method":"POST","time":0.011656792,"statusCode":200,"bytes":23,"Content-Encoding":[]}
{"level":"info","ts":1791005313.6325812,"caller":"logger/logger.go:23","msg":"request data","uri":"/updates/","method":"POST","time":0.011721541,"statusCode":200,"bytes":23,"Content-Encoding":[]}
{"level":"info","ts":1791005313.633109,"caller":"logger/logger.go:23","msg":"request data","uri":"/updates/","method":"POST","time":0.011754875,"statusCode":200,"bytes":23,"Content-Encoding":[]}
{"level":"info","ts":1791005313.633755,"caller":"logger/logger.go:23","msg":"request data","uri":"/updates/","method":"POST","time":0.011700167,"statusCode":200,"bytes":23,"Content-Encoding":[]}
{"level":"info","ts":1791005313.63426,"caller":"logger/logger.go:23","msg":"request data","uri":"/updates/","method":"POST","time":0.01172375,"statusCode":200,"bytes":23,"Content-Encoding":[]}
{"level":"info","ts":1791005313.634913,"caller":"logger/logger.go:23","msg":"request data","uri":"/updates/","method":"POST","time":0.011763833,"statusCode":200,"bytes":23,"Content-Encoding":[]}
{"level":"info","ts":1791005313.635385,"caller":"logger/logger.go:23","msg":"request data","uri":"/updates/","method":"POST","time":0.011703333,"statusCode":200,"bytes":23,"Content-Encoding":[]}
{"level":"info","ts":1791005313.636024,"caller":"logger/logger.go:23","msg":"request data","uri":"/updates/","method":"POST","time":0.011710334,"statusCode":200,"bytes":23,"Content-Encoding":[]}
{"level":"info","ts":1791005313.636561,"caller":"logger/logger.go:23","msg":"request data","uri":"/updates/","method":"POST","time":0.011775792,"statusCode":200,"bytes":23,"Content-Encoding":[]}
{"level":"info","ts":1791005313.6372259,"caller":"logger/logger.go:23","msg":"request data","uri":"/updates/","method":"POST","time":0.011621666,"statusCode":200,"bytes":23,"Content-Encoding":[]}
{"level":"info","ts":1791005313.637961,"caller":"logger/logger.go:23","msg":"request data","uri":"/updates/","method":"POST","time":0.011887833,"statusCode":200,"bytes":23,"Content-Encoding":[]}
{"level":"info","ts":1791005313.638787,"caller":"logger/logger.go:23","msg":"request data","uri":"/updates/","method":"POST","time":0.0121845,"statusCode":200,"bytes":23,"Content-Encoding":[]}
{"level":"info","ts":1791005313.639441,"caller":"logger/logger.go:23","msg":"request data","uri":"/updates/","method":"POST","time":0.011893541,"statusCode":200,"bytes":23,"Content-Encoding":[]}
{"level":"info","ts":1791005313.640001,"caller":"logger/logger.go:23","msg":"request data","uri":"/updates/","method":"POST","time":0.011972541,"statusCode":200,"bytes":23,"Content-Encoding":[]}
{"level":"info","ts":1791005313.640775,"caller":"logger/logger.go:23","msg":"request data","uri":"/updates/","method":"POST","time":0.012136542,"statusCode":200,"bytes":23,"Content-Encoding":[]}
{"level":"info","ts":1791005313.641273,"caller":"logger/logger.go:23","msg":"request data","uri":"/updates/","method":"POST","time":0.012123042,"statusCode":200,"bytes":23,"Content-Encoding":[]}
{"level":"info","ts":1791005313.641984,"caller":"logger/logger.go:23","msg":"request data","uri":"/updates/","method":"POST","time":0.012057917,"statusCode":200,"bytes":23,"Content-Encoding":[]}
{"level":"info","ts":1791005313.6424909,"caller":"logger/logger.go:23","msg":"request data","uri":"/updates/","method":"POST","time":0.012030042,"statusCode":200,"bytes":23,"Content-Encoding":[]}
{"level":"info","ts":1791005313.643009,"caller":"logger/logger.go:23","msg":"request data","uri":"/updates/","method":"POST","time":0.011911459,"statusCode":200,"bytes":23,"Content-Encoding":[]}
{"level":"info","ts":1791005313.64381,"caller":"logger/logger.go:23","msg":"request data","uri":"/updates/","method":"POST","time":0.012203625,"statusCode":200,"bytes":23,"Content-Encoding":[]}
{"level":"info","ts":1791005313.6443782,"caller":"logger/logger.go:23","msg":"request data","uri":"/updates/","method":"POST","time":0.012287125,"statusCode":200,"bytes":23,"Content-Encoding":[]}
{"level":"info","ts":1791005313.6451259,"caller":"logger/logger.go:23","msg":"request data","uri":"/updates/","method":"POST","time":0.012457458,"statusCode":200,"bytes":23,"Content-Encoding":[]}
{"level":"info","ts":1791005313.6456242,"caller":"logger/logger.go:23","msg":"request data","uri":"/updates/","method":"POST","time":0.012422042,"statusCode":200,"bytes":23,"Content-Encoding":[]}
{"level":"info","ts":1791005313.646218,"caller":"logger/logger.go:23","msg":"request data","uri":"/updates/","method":"POST","time":0.012341333,"statusCode":200,"bytes":23,"Content-Encoding":[]}
{"level":"info","ts":1791005313.646744,"caller":"logger/logger.go:23","msg":"request data","uri":"/updates/","method":"POST","time":0.012365083,"statusCode":200,"bytes":23,"Content-Encoding":[]}
{"level":"info","ts":1791005313.647393,"caller":"logger/logger.go:23","msg":"request data","uri":"/updates/","method":"POST","time":0.0123635,"statusCode":200,"bytes":23,"Content-Encoding":[]}
{"level":"info","ts":1791005313.6478798,"caller":"logger/logger.go:23","msg":"request data","uri":"/updates/","method":"POST","time":0.012397458,"statusCode":200,"bytes":23,"Content-Encoding":[]}
{"level":"info","ts":1791005313.648374,"caller":"logger/logger.go:23","msg":"request data","uri":"/updates/","method":"POST","time":0.012229667,"statusCode":200,"bytes":23,"Content-Encoding":[]}
{"level":"info","ts":1791005313.648961,"caller":"logger/logger.go:23","msg":"request data","uri":"/updates/","method":"POST","time":0.012291417,"statusCode":200,"bytes":23,"Content-Encoding":[]}
{"level":"info","ts":1791005313.649447,"caller":"logger/logger.go:23","msg":"request data","uri":"/updates/","method":"POST","time":0.01207475,"statusCode":200,"bytes":23,"Content-Encoding":[]}
{"level":"info","ts":1791005313.650021,"caller":"logger/logger.go:23","msg":"request data","uri":"/updates/","method":"POST","time":0.011672083,"statusCode":200,"bytes":23,"Content-Encoding":[]}
{"level":"info","ts":1791005313.650563,"caller":"logger/logger.go:23","msg":"request data","uri":"/updates/","method":"POST","time":0.011626875,"statusCode":200,"bytes":23,"Content-Encoding":[]}
{"level":"info","ts":1791005313.651263,"caller":"logger/logger.go:23","msg":"request data","uri":"/updates/","method":"POST","time":0.011697292,"statusCode":200,"bytes":23,"Content-Encoding":[]}
{"level":"info","ts":1791005313.65176,"caller":"logger/logger.go:23","msg":"request data","uri":"/updates/","method":"POST","time":0.011638792,"statusCode":200,"bytes":23,"Content-Encoding":[]}
{"level":"info","ts":1791005313.652437,"caller":"logger/logger.go:23","msg":"request data","uri":"/updates/","method":"POST","time":0.011522084,"statusCode":200,"bytes":23,"Content-Encoding":[]}
{"level":"info","ts":1791005313.653001,"caller":"logger/logger.go:23","msg":"request data","uri":"/updates/","method":"POST","time":0.011628291,"statusCode":200,"bytes":23,"Content-Encoding":[]}
{"level":"info","ts":1791005313.653496,"caller":"logger/logger.go:23","msg":"request data","uri":"/updates/","method":"POST","time":0.011397583,"statusCode":200,"bytes":23,"Content-Encoding":[]}
{"level":"info","ts":1791005313.6542358,"caller":"logger/logger.go:23","msg":"request data","uri":"/updates/","method":"POST","time":0.011628959,"statusCode":200,"bytes":23,"Content-Encoding":[]}
{"level":"info","ts":1791005313.654785,"caller":"logger/logger.go:23","msg":"request data","uri":"/updates/","method":"POST","time":0.011634,"statusCode":200,"bytes":23,"Content-Encoding":[]}
{"level":"info","ts":1791005313.6554801,"caller":"logger/logger.go:23","msg":"request data","uri":"/updates/","method":"POST","time":0.011538917,"statusCode":200,"bytes":23,"Content-Encoding":[]}
{"level":"info","ts":1791005313.6559832,"caller":"logger/logger.go:23","msg":"request data","uri":"/updates/","method":"POST","time":0.011467583,"statusCode":200,"bytes":23,"Content-Encoding":[]}
{"level":"info","ts":1791005313.6566029,"caller":"logger/logger.go:23","msg":"request data","uri":"/updates/","method":"POST","time":0.011356375,"statusCode":200,"bytes":23,"Content-Encoding":[]}
{"level":"info","ts":1791005313.6571991,"caller":"logger/logger.go:23","msg":"request data","uri":"/updates/","method":"POST","time":0.011431833,"statusCode":200,"bytes":23,"Content-Encoding":[]}
{"level":"info","ts":1791005313.657921,"caller":"logger/logger.go:23","msg":"request data","uri":"/updates/","method":"POST","time":0.011603333,"statusCode":200,"bytes":23,"Content-Encoding":[]}
{"level":"info","ts":1791005313.658924,"caller":"logger/logger.go:23","msg":"request data","uri":"/updates/","method":"POST","time":0.012074541,"statusCode":200,"bytes":23,"Content-Encoding":[]}
{"level":"info","ts":1791005313.65949,"caller":"logger/logger.go:23","msg":"request data","uri":"/updates/","method":"POST","time":0.011978,"statusCode":200,"bytes":23,"Content-Encoding":[]}
{"level":"info","ts":1791005313.717346,"caller":"logger/logger.go:23","msg":"request data","uri":"/updates/","method":"POST","time":0.010772791,"statusCode":200,"bytes":23,"Content-Encoding":[]}
{"level":"info","ts":1791005313.7750442,"caller":"logger/logger.go:23","msg":"request data","uri":"/updates/","method":"POST","time":0.011737125,"statusCode":200,"bytes":23,"Content-Encoding":[]}
{"level":"info","ts":1791005313.8333461,"caller":"logger/logger.go:23","msg":"request data","uri":"/updates/","method":"POST","time":0.0113925,"statusCode":200,"bytes":23,"Content-Encoding":[]}
{"level":"info","ts":1791005313.891768,"caller":"logger/logger.go:23","msg":"request data","uri":"/updates/","method":"POST","time":0.011349459,"statusCode":200,"bytes":23,"Content-Encoding":[]}
{"level":"info","ts":1791005313.951736,"caller":"logger/logger.go:23","msg":"request data","uri":"/updates/","method":"POST","time":0.011400833,"statusCode":200,"bytes":23,"Content-Encoding":[]}
{"level":"info","ts":1791005314.008926,"caller":"logger/logger.go:23","msg":"request data","uri":"/updates/","method":"POST","time":0.011761375,"statusCode":200,"bytes":23,"Content-Encoding":[]}
2026/10/03 10:28:34 DB STATS: open=21 in_use=2 idle=19 wait_count=0 wait_duration=0s max_open=0
{"level":"info","ts":1791005314.067512,"caller":"logger/logger.go:23","msg":"request data","uri":"/updates/","method":"POST","time":0.01158675,"statusCode":200,"bytes":23,"Content-Encoding":[]}
{"level":"info","ts":1791005314.125673,"caller":"logger/logger.go:23","msg":"request data","uri":"/updates/","method":"POST","time":0.011603417,"statusCode":200,"bytes":23,"Content-Encoding":[]}
{"level":"info","ts":1791005314.1821802,"caller":"logger/logger.go:23","msg":"request data","uri":"/updates/","method":"POST","time":0.010845167,"statusCode":200,"bytes":23,"Content-Encoding":[]}
{"level":"info","ts":1791005314.241767,"caller":"logger/logger.go:23","msg":"request data","uri":"/updates/","method":"POST","time":0.012825459,"statusCode":200,"bytes":23,"Content-Encoding":[]}
{"level":"info","ts":1791005314.327085,"caller":"logger/logger.go:23","msg":"request data","uri":"/updates/","method":"POST","time":0.025356375,"statusCode":200,"bytes":23,"Content-Encoding":[]}
{"level":"info","ts":1791005314.406286,"caller":"logger/logger.go:23","msg":"request data","uri":"/updates/","method":"POST","time":0.01276775,"statusCode":200,"bytes":23,"Content-Encoding":[]}
{"level":"info","ts":1791005314.466295,"caller":"logger/logger.go:23","msg":"request data","uri":"/updates/","method":"POST","time":0.012566542,"statusCode":200,"bytes":23,"Content-Encoding":[]}
{"level":"info","ts":1791005314.528807,"caller":"logger/logger.go:23","msg":"request data","uri":"/updates/","method":"POST","time":0.011554667,"statusCode":200,"bytes":23,"Content-Encoding":[]}
{"level":"info","ts":1791005314.58703,"caller":"logger/logger.go:23","msg":"request data","uri":"/updates/","method":"POST","time":0.011140542,"statusCode":200,"bytes":23,"Content-Encoding":[]}
{"level":"info","ts":1791005314.600678,"caller":"logger/logger.go:23","msg":"request data","uri":"/updates/","method":"POST","time":0.011904833,"statusCode":200,"bytes":23,"Content-Encoding":[]}
{"level":"info","ts":1791005314.6013708,"caller":"logger/logger.go:23","msg":"request data","uri":"/updates/","method":"POST","time":0.012000833,"statusCode":200,"bytes":23,"Content-Encoding":[]}
{"level":"info","ts":1791005314.601888,"caller":"logger/logger.go:23","msg":"request data","uri":"/updates/","method":"POST","time":0.012025334,"statusCode":200,"bytes":23,"Content-Encoding":[]}
{"level":"info","ts":1791005314.602527,"caller":"logger/logger.go:23","msg":"request data","uri":"/updates/","method":"POST","time":0.012080625,"statusCode":200,"bytes":23,"Content-Encoding":[]}
{"level":"info","ts":1791005314.603043,"caller":"logger/logger.go:23","msg":"request data","uri":"/updates/","method":"POST","time":0.012091583,"statusCode":200,"bytes":23,"Content-Encoding":[]}
{"level":"info","ts":1791005314.6035829,"caller":"logger/logger.go:23","msg":"request data","uri":"/updates/","method":"POST","time":0.012068584,"statusCode":200,"bytes":23,"Content-Encoding":[]}
{"level":"info","ts":1791005314.60421,"caller":"logger/logger.go:23","msg":"request data","uri":"/updates/","method":"POST","time":0.011964542,"statusCode":200,"bytes":23,"Content-Encoding":[]}
{"level":"info","ts":1791005314.604727,"caller":"logger/logger.go:23","msg":"request data","uri":"/updates/","method":"POST","time":0.011618583,"statusCode":200,"bytes":23,"Content-Encoding":[]}
{"level":"info","ts":1791005314.605435,"caller":"logger/logger.go:23","msg":"request data","uri":"/updates/","method":"POST","time":0.011569292,"statusCode":200,"bytes":23,"Content-Encoding":[]}
{"level":"info","ts":1791005314.605945,"caller":"logger/logger.go:23","msg":"request data","uri":"/updates/","method":"POST","time":0.01151325,"statusCode":200,"bytes":23,"Content-Encoding":[]}
{"level":"info","ts":1791005314.606569,"caller":"logger/logger.go:23","msg":"request data","uri":"/updates/","method":"POST","time":0.011447417,"statusCode":200,"bytes":23,"Content-Encoding":[]}
{"level":"info","ts":1791005314.607093,"caller":"logger/logger.go:23","msg":"request data","uri":"/updates/","method":"POST","time":0.011419583,"statusCode":200,"bytes":23,"Content-Encoding":[]}
{"level":"info","ts":1791005314.607712,"caller":"logger/logger.go:23","msg":"request data","uri":"/updates/","method":"POST","time":0.011347959,"statusCode":200,"bytes":23,"Content-Encoding":[]}
{"level":"info","ts":1791005314.608236,"caller":"logger/logger.go:23","msg":"request data","uri":"/updates/","method":"POST","time":0.011350083,"statusCode":200,"bytes":23,"Content-Encoding":[]}
{"level":"info","ts":1791005314.608772,"caller":"logger/logger.go:23","msg":"request data","uri":"/updates/","method":"POST","time":0.011263084,"statusCode":200,"bytes":23,"Content-Encoding":[]}
{"level":"info","ts":1791005314.609399,"caller":"logger/logger.go:23","msg":"request data","uri":"/updates/","method":"POST","time":0.011403,"statusCode":200,"bytes":23,"Content-Encoding":[]}
{"level":"info","ts":1791005314.609882,"caller":"logger/logger.go:23","msg":"request data","uri":"/updates/","method":"POST","time":0.011409125,"statusCode":200,"bytes":23,"Content-Encoding":[]}
{"level":"info","ts":1791005314.610506,"caller":"logger/logger.go:23","msg":"request data","uri":"/updates/","method":"POST","time":0.011447916,"statusCode":200,"bytes":23,"Content-Encoding":[]}
{"level":"info","ts":1791005314.611014,"caller":"logger/logger.go:23","msg":"request data","uri":"/updates/","method":"POST","time":0.011375875,"statusCode":200,"bytes":23,"Content-Encoding":[]}
{"level":"info","ts":1791005314.6116638,"caller":"logger/logger.go:23","msg":"request data","uri":"/updates/","method":"POST","time":0.011431792,"statusCode":200,"bytes":23,"Content-Encoding":[]}
{"level":"info","ts":1791005314.612364,"caller":"logger/logger.go:23","msg":"request data","uri":"/updates/","method":"POST","time":0.011544084,"statusCode":200,"bytes":23,"Content-Encoding":[]}
{"level":"info","ts":1791005314.61326,"caller":"logger/logger.go:23","msg":"request data","uri":"/updates/","method":"POST","time":0.011773875,"statusCode":200,"bytes":23,"Content-Encoding":[]}
{"level":"info","ts":1791005314.613844,"caller":"logger/logger.go:23","msg":"request data","uri":"/updates/","method":"POST","time":0.011843333,"statusCode":200,"bytes":23,"Content-Encoding":[]}
{"level":"info","ts":1791005314.61445,"caller":"logger/logger.go:23","msg":"request data","uri":"/updates/","method":"POST","time":0.0117955,"statusCode":200,"bytes":23,"Content-Encoding":[]}
{"level":"info","ts":1791005314.615124,"caller":"logger/logger.go:23","msg":"request data","uri":"/updates/","method":"POST","time":0.011959709,"statusCode":200,"bytes":23,"Content-Encoding":[]}
{"level":"info","ts":1791005314.6156921,"caller":"logger/logger.go:23","msg":"request data","uri":"/updates/","method":"POST","time":0.012002208,"statusCode":200,"bytes":23,"Content-Encoding":[]}
{"level":"info","ts":1791005314.616529,"caller":"logger/logger.go:23","msg":"request data","uri":"/updates/","method":"POST","time":0.012219833,"statusCode":200,"bytes":23,"Content-Encoding":[]}
{"level":"info","ts":1791005314.617048,"caller":"logger/logger.go:23","msg":"request data","uri":"/updates/","method":"POST","time":0.012216625,"statusCode":200,"bytes":23,"Content-Encoding":[]}
{"level":"info","ts":1791005314.617684,"caller":"logger/logger.go:23","msg":"request data","uri":"/updates/","method":"POST","time":0.012135042,"statusCode":200,"bytes":23,"Content-Encoding":[]}
{"level":"info","ts":1791005314.618251,"caller":"logger/logger.go:23","msg":"request data","uri":"/updates/","method":"POST","time":0.012188666,"statusCode":200,"bytes":23,"Content-Encoding":[]}
{"level":"info","ts":1791005314.618934,"caller":"logger/logger.go:23","msg":"request data","uri":"/updates/","method":"POST","time":0.012269,"statusCode":200,"bytes":23,"Content-Encoding":[]}
{"level":"info","ts":1791005314.619484,"caller":"logger/logger.go:23","msg":"request data","uri":"/updates/","method":"POST","time":0.01230075,"statusCode":200,"bytes":23,"Content-Encoding":[]}
{"level":"info","ts":1791005314.6199958,"caller":"logger/logger.go:23","msg":"request data","uri":"/updates/","method":"POST","time":0.012168583,"statusCode":200,"bytes":23,"Content-Encoding":[]}
{"level":"info","ts":1791005314.620655,"caller":"logger/logger.go:23","msg":"request data","uri":"/updates/","method":"POST","time":0.012301125,"statusCode":200,"bytes":23,"Content-Encoding":[]}
{"level":"info","ts":1791005314.621139,"caller":"logger/logger.go:23","msg":"request data","uri":"/updates/","method":"POST","time":0.012252375,"statusCode":200,"bytes":23,"Content-Encoding":[]}
{"level":"info","ts":1791005314.6217952,"caller":"logger/logger.go:23","msg":"request data","uri":"/updates/","method":"POST","time":0.012286833,"statusCode":200,"bytes":23,"Content-Encoding":[]}
{"level":"info","ts":1791005314.622269,"caller":"logger/logger.go:23","msg":"request data","uri":"/updates/","method":"POST","time":0.012278125,"statusCode":200,"bytes":23,"Content-Encoding":[]}
{"level":"info","ts":1791005314.622848,"caller":"logger/logger.go:23","msg":"request data","uri":"/updates/","method":"POST","time":0.012255125,"statusCode":200,"bytes":23,"Content-Encoding":[]}
{"level":"info","ts":1791005314.6233768,"caller":"logger/logger.go:23","msg":"request data","uri":"/updates/","method":"POST","time":0.012265833,"statusCode":200,"bytes":23,"Content-Encoding":[]}
{"level":"info","ts":1791005314.623952,"caller":"logger/logger.go:23","msg":"request data","uri":"/updates/","method":"POST","time":0.012193125,"statusCode":200,"bytes":23,"Content-Encoding":[]}
{"level":"info","ts":1791005314.6244678,"caller":"logger/logger.go:23","msg":"request data","uri":"/updates/","method":"POST","time":0.011916625,"statusCode":200,"bytes":23,"Content-Encoding":[]}
{"level":"info","ts":1791005314.624991,"caller":"logger/logger.go:23","msg":"request data","uri":"/updates/","method":"POST","time":0.011607333,"statusCode":200,"bytes":23,"Content-Encoding":[]}
{"level":"info","ts":1791005314.625629,"caller":"logger/logger.go:23","msg":"request data","uri":"/updates/","method":"POST","time":0.011637125,"statusCode":200,"bytes":23,"Content-Encoding":[]}
{"level":"info","ts":1791005314.626142,"caller":"logger/logger.go:23","msg":"request data","uri":"/updates/","method":"POST","time":0.011554167,"statusCode":200,"bytes":23,"Content-Encoding":[]}
{"level":"info","ts":1791005314.6268249,"caller":"logger/logger.go:23","msg":"request data","uri":"/updates/","method":"POST","time":0.011572542,"statusCode":200,"bytes":23,"Content-Encoding":[]}
{"level":"info","ts":1791005314.6273038,"caller":"logger/logger.go:23","msg":"request data","uri":"/updates/","method":"POST","time":0.011298625,"statusCode":200,"bytes":23,"Content-Encoding":[]}
{"level":"info","ts":1791005314.6279402,"caller":"logger/logger.go:23","msg":"request data","uri":"/updates/","method":"POST","time":0.011301042,"statusCode":200,"bytes":23,"Content-Encoding":[]}
{"level":"info","ts":1791005314.6284459,"caller":"logger/logger.go:23","msg":"request data","uri":"/updates/","method":"POST","time":0.011272209,"statusCode":200,"bytes":23,"Content-Encoding":[]}
{"level":"info","ts":1791005314.629062,"caller":"logger/logger.go:23","msg":"request data","uri":"/updates/","method":"POST","time":0.011265209,"statusCode":200,"bytes":23,"Content-Encoding":[]}
{"level":"info","ts":1791005314.629573,"caller":"logger/logger.go:23","msg":"request data","uri":"/updates/","method":"POST","time":0.011189625,"statusCode":200,"bytes":23,"Content-Encoding":[]}
{"level":"info","ts":1791005314.630064,"caller":"logger/logger.go:23","msg":"request data","uri":"/updates/","method":"POST","time":0.011003917,"statusCode":200,"bytes":23,"Content-Encoding":[]}
{"level":"info","ts":1791005314.630702,"caller":"logger/logger.go:23","msg":"request data","uri":"/updates/","method":"POST","time":0.011088667,"statusCode":200,"bytes":23,"Content-Encoding":[]}
{"level":"info","ts":1791005314.631188,"caller":"logger/logger.go:23","msg":"request data","uri":"/updates/","method":"POST","time":0.011067792,"statusCode":200,"bytes":23,"Content-Encoding":[]}
{"level":"info","ts":1791005314.631809,"caller":"logger/logger.go:23","msg":"request data","uri":"/updates/","method":"POST","time":0.011022334,"statusCode":200,"bytes":23,"Content-Encoding":[]}
{"level":"info","ts":1791005314.632305,"caller":"logger/logger.go:23","msg":"request data","uri":"/updates/","method":"POST","time":0.011045125,"statusCode":200,"bytes":23,"Content-Encoding":[]}
{"level":"info","ts":1791005314.632859,"caller":"logger/logger.go:23","msg":"request data","uri":"/updates/","method":"POST","time":0.010941458,"statusCode":200,"bytes":23,"Content-Encoding":[]}
{"level":"info","ts":1791005314.6337678,"caller":"logger/logger.go:23","msg":"request data","uri":"/updates/","method":"POST","time":0.011384042,"statusCode":200,"bytes":23,"Content-Encoding":[]}
{"level":"info","ts":1791005314.6379032,"caller":"logger/logger.go:23","msg":"request data","uri":"/updates/","method":"POST","time":0.014958125,"statusCode":200,"bytes":23,"Content-Encoding":[]}
{"level":"info","ts":1791005314.638614,"caller":"logger/logger.go:23","msg":"request data","uri":"/updates/","method":"POST","time":0.015124416,"statusCode":200,"bytes":23,"Content-Encoding":[]}
{"level":"info","ts":1791005314.6402931,"caller":"logger/logger.go:23","msg":"request data","uri":"/updates/","method":"POST","time":0.016224875,"statusCode":200,"bytes":23,"Content-Encoding":[]}
{"level":"info","ts":1791005314.641332,"caller":"logger/logger.go:23","msg":"request data","uri":"/updates/","method":"POST","time":0.016762166,"statusCode":200,"bytes":23,"Content-Encoding":[]}
{"level":"info","ts":1791005314.642773,"caller":"logger/logger.go:23","msg":"request data","uri":"/updates/","method":"POST","time":0.017646292,"statusCode":200,"bytes":23,"Content-Encoding":[]}
{"level":"info","ts":1791005314.643779,"caller":"logger/logger.go:23","msg":"request data","uri":"/updates/","method":"POST","time":0.018023916,"statusCode":200,"bytes":23,"Content-Encoding":[]}
{"level":"info","ts":1791005314.644843,"caller":"logger/logger.go:23","msg":"request data","uri":"/updates/","method":"POST","time":0.018580625,"statusCode":200,"bytes":23,"Content-Encoding":[]}
{"level":"info","ts":1791005314.6457012,"caller":"logger/logger.go:23","msg":"request data","uri":"/updates/","method":"POST","time":0.018774958,"statusCode":200,"bytes":23,"Content-Encoding":[]}
{"level":"info","ts":1791005314.646454,"caller":"logger/logger.go:23","msg":"request data","uri":"/updates/","method":"POST","time":0.019033042,"statusCode":200,"bytes":23,"Content-Encoding":[]}
{"level":"info","ts":1791005314.6473012,"caller":"logger/logger.go:23","msg":"request data","uri":"/updates/","method":"POST","time":0.019247875,"statusCode":200,"bytes":23,"Content-Encoding":[]}
{"level":"info","ts":1791005314.648126,"caller":"logger/logger.go:23","msg":"request data","uri":"/updates/","method":"POST","time":0.019580792,"statusCode":200,"bytes":23,"Content-Encoding":[]}
{"level":"info","ts":1791005314.6488168,"caller":"logger/logger.go:23","msg":"request data","uri":"/updates/","method":"POST","time":0.01965225,"statusCode":200,"bytes":23,"Content-Encoding":[]}
{"level":"info","ts":1791005314.6496189,"caller":"logger/logger.go:23","msg":"request data","uri":"/updates/","method":"POST","time":0.0199355,"statusCode":200,"bytes":23,"Content-Encoding":[]}
{"level":"info","ts":1791005314.650225,"caller":"logger/logger.go:23","msg":"request data","uri":"/updates/","method":"POST","time":0.02006075,"statusCode":200,"bytes":23,"Content-Encoding":[]}
{"level":"info","ts":1791005314.650912,"caller":"logger/logger.go:23","msg":"request data","uri":"/updates/","method":"POST","time":0.02010525,"statusCode":200,"bytes":23,"Content-Encoding":[]}
{"level":"info","ts":1791005314.651467,"caller":"logger/logger.go:23","msg":"request data","uri":"/updates/","method":"POST","time":0.020190875,"statusCode":200,"bytes":23,"Content-Encoding":[]}
{"level":"info","ts":1791005314.6522071,"caller":"logger/logger.go:23","msg":"request data","uri":"/updates/","method":"POST","time":0.020305416,"statusCode":200,"bytes":23,"Content-Encoding":[]}
{"level":"info","ts":1791005314.652756,"caller":"logger/logger.go:23","msg":"request data","uri":"/updates/","method":"POST","time":0.020362958,"statusCode":200,"bytes":23,"Content-Encoding":[]}
{"level":"info","ts":1791005314.6535192,"caller":"logger/logger.go:23","msg":"request data","uri":"/updates/","method":"POST","time":0.020542791,"statusCode":200,"bytes":23,"Content-Encoding":[]}
{"level":"info","ts":1791005314.654162,"caller":"logger/logger.go:23","msg":"request data","uri":"/updates/","method":"POST","time":0.020002875,"statusCode":200,"bytes":23,"Content-Encoding":[]}
{"level":"info","ts":1791005314.654757,"caller":"logger/logger.go:23","msg":"request data","uri":"/updates/","method":"POST","time":0.016668375,"statusCode":200,"bytes":23,"Content-Encoding":[]}
{"level":"info","ts":1791005314.655433,"caller":"logger/logger.go:23","msg":"request data","uri":"/updates/","method":"POST","time":0.016150792,"statusCode":200,"bytes":23,"Content-Encoding":[]}
{"level":"info","ts":1791005314.6559842,"caller":"logger/logger.go:23","msg":"request data","uri":"/updates/","method":"POST","time":0.015054375,"statusCode":200,"bytes":23,"Content-Encoding":[]}
{"level":"info","ts":1791005314.656645,"caller":"logger/logger.go:23","msg":"request data","uri":"/updates/","method":"POST","time":0.015058417,"statusCode":200,"bytes":23,"Content-Encoding":[]}
{"level":"info","ts":1791005314.657174,"caller":"logger/logger.go:23","msg":"request data","uri":"/updates/","method":"POST","time":0.014136084,"statusCode":200,"bytes":23,"Content-Encoding":[]}
{"level":"info","ts":1791005314.65782,"caller":"logger/logger.go:23","msg":"request data","uri":"/updates/","method":"POST","time":0.013729834,"statusCode":200,"bytes":23,"Content-Encoding":[]}
{"level":"info","ts":1791005314.6583629,"caller":"logger/logger.go:23","msg":"request data","uri":"/updates/","method":"POST","time":0.013359084,"statusCode":200,"bytes":23,"Content-Encoding":[]}
{"level":"info","ts":1791005314.659163,"caller":"logger/logger.go:23","msg":"request data","uri":"/updates/","method":"POST","time":0.013284333,"statusCode":200,"bytes":23,"Content-Encoding":[]}
{"level":"info","ts":1791005314.659746,"caller":"logger/logger.go:23","msg":"request data","uri":"/updates/","method":"POST","time":0.013160459,"statusCode":200,"bytes":23,"Content-Encoding":[]}
{"level":"info","ts":1791005314.660331,"caller":"logger/logger.go:23","msg":"request data","uri":"/updates/","method":"POST","time":0.012884083,"statusCode":200,"bytes":23,"Content-Encoding":[]}
{"level":"info","ts":1791005314.661006,"caller":"logger/logger.go:23","msg":"request data","uri":"/updates/","method":"POST","time":0.012699167,"statusCode":200,"bytes":23,"Content-Encoding":[]}
{"level":"info","ts":1791005314.661678,"caller":"logger/logger.go:23","msg":"request data","uri":"/updates/","method":"POST","time":0.01272825,"statusCode":200,"bytes":23,"Content-Encoding":[]}
{"level":"info","ts":1791005314.66236,"caller":"logger/logger.go:23","msg":"request data","uri":"/updates/","method":"POST","time":0.012616458,"statusCode":200,"bytes":23,"Content-Encoding":[]}
{"level":"info","ts":1791005314.663041,"caller":"logger/logger.go:23","msg":"request data","uri":"/updates/","method":"POST","time":0.012662917,"statusCode":200,"bytes":23,"Content-Encoding":[]}
{"level":"info","ts":1791005314.663872,"caller":"logger/logger.go:23","msg":"request data","uri":"/updates/","method":"POST","time":0.012829625,"statusCode":200,"bytes":23,"Content-Encoding":[]}
{"level":"info","ts":1791005314.664479,"caller":"logger/logger.go:23","msg":"request data","uri":"/updates/","method":"POST","time":0.012897917,"statusCode":200,"bytes":23,"Content-Encoding":[]}
{"level":"info","ts":1791005314.665236,"caller":"logger/logger.go:23","msg":"request data","uri":"/updates/","method":"POST","time":0.012896708,"statusCode":200,"bytes":23,"Content-Encoding":[]}
{"level":"info","ts":1791005314.665808,"caller":"logger/logger.go:23","msg":"request data","uri":"/updates/","method":"POST","time":0.012946375,"statusCode":200,"bytes":23,"Content-Encoding":[]}
{"level":"info","ts":1791005314.6664262,"caller":"logger/logger.go:23","msg":"request data","uri":"/updates/","method":"POST","time":0.012697833,"statusCode":200,"bytes":23,"Content-Encoding":[]}
{"level":"info","ts":1791005314.6671062,"caller":"logger/logger.go:23","msg":"request data","uri":"/updates/","method":"POST","time":0.012820458,"statusCode":200,"bytes":23,"Content-Encoding":[]}
{"level":"info","ts":1791005314.667707,"caller":"logger/logger.go:23","msg":"request data","uri":"/updates/","method":"POST","time":0.012833958,"statusCode":200,"bytes":23,"Content-Encoding":[]}
{"level":"info","ts":1791005314.6685,"caller":"logger/logger.go:23","msg":"request data","uri":"/updates/","method":"POST","time":0.012954041,"statusCode":200,"bytes":23,"Content-Encoding":[]}
{"level":"info","ts":1791005314.669081,"caller":"logger/logger.go:23","msg":"request data","uri":"/updates/","method":"POST","time":0.012999417,"statusCode":200,"bytes":23,"Content-Encoding":[]}
{"level":"info","ts":1791005314.736363,"caller":"logger/logger.go:23","msg":"request data","uri":"/updates/","method":"POST","time":0.01334325,"statusCode":200,"bytes":23,"Content-Encoding":[]}
{"level":"info","ts":1791005314.813018,"caller":"logger/logger.go:23","msg":"request data","uri":"/updates/","method":"POST","time":0.021938375,"statusCode":200,"bytes":23,"Content-Encoding":[]}
{"level":"info","ts":1791005314.883592,"caller":"logger/logger.go:23","msg":"request data","uri":"/updates/","method":"POST","time":0.014250958,"statusCode":200,"bytes":23,"Content-Encoding":[]}
{"level":"info","ts":1791005314.959733,"caller":"logger/logger.go:23","msg":"request data","uri":"/updates/","method":"POST","time":0.016276708,"statusCode":200,"bytes":23,"Content-Encoding":[]}
{"level":"info","ts":1791005315.037458,"caller":"logger/logger.go:23","msg":"request data","uri":"/updates/","method":"POST","time":0.016592625,"statusCode":200,"bytes":23,"Content-Encoding":[]}
2026/10/03 10:28:35 DB STATS: open=21 in_use=1 idle=20 wait_count=0 wait_duration=0s max_open=0
{"level":"info","ts":1791005315.1593869,"caller":"logger/logger.go:23","msg":"request data","uri":"/updates/","method":"POST","time":0.014721125,"statusCode":200,"bytes":23,"Content-Encoding":[]}
{"level":"info","ts":1791005315.232157,"caller":"logger/logger.go:23","msg":"request data","uri":"/updates/","method":"POST","time":0.014983084,"statusCode":200,"bytes":23,"Content-Encoding":[]}
{"level":"info","ts":1791005315.305992,"caller":"logger/logger.go:23","msg":"request data","uri":"/updates/","method":"POST","time":0.013926875,"statusCode":200,"bytes":23,"Content-Encoding":[]}
{"level":"info","ts":1791005315.373525,"caller":"logger/logger.go:23","msg":"request data","uri":"/updates/","method":"POST","time":0.012741584,"statusCode":200,"bytes":23,"Content-Encoding":[]}
{"level":"info","ts":1791005315.477132,"caller":"logger/logger.go:23","msg":"request data","uri":"/updates/","method":"POST","time":0.01229925,"statusCode":200,"bytes":23,"Content-Encoding":[]}
{"level":"info","ts":1791005315.539959,"caller":"logger/logger.go:23","msg":"request data","uri":"/updates/","method":"POST","time":0.012360292,"statusCode":200,"bytes":23,"Content-Encoding":[]}
{"level":"info","ts":1791005315.601237,"caller":"logger/logger.go:23","msg":"request data","uri":"/updates/","method":"POST","time":0.012899709,"statusCode":200,"bytes":23,"Content-Encoding":[]}
{"level":"info","ts":1791005315.6020129,"caller":"logger/logger.go:23","msg":"request data","uri":"/updates/","method":"POST","time":0.012979208,"statusCode":200,"bytes":23,"Content-Encoding":[]}
{"level":"info","ts":1791005315.60284,"caller":"logger/logger.go:23","msg":"request data","uri":"/updates/","method":"POST","time":0.013203,"statusCode":200,"bytes":23,"Content-Encoding":[]}
{"level":"info","ts":1791005315.606133,"caller":"logger/logger.go:23","msg":"request data","uri":"/updates/","method":"POST","time":0.01589675,"statusCode":200,"bytes":23,"Content-Encoding":[]}
{"level":"info","ts":1791005315.606845,"caller":"logger/logger.go:23","msg":"request data","uri":"/updates/","method":"POST","time":0.016094041,"statusCode":200,"bytes":23,"Content-Encoding":[]}
{"level":"info","ts":1791005315.607393,"caller":"logger/logger.go:23","msg":"request data","uri":"/updates/","method":"POST","time":0.016012542,"statusCode":200,"bytes":23,"Content-Encoding":[]}
{"level":"info","ts":1791005315.6121972,"caller":"logger/logger.go:23","msg":"request data","uri":"/updates/","method":"POST","time":0.020275959,"statusCode":200,"bytes":23,"Content-Encoding":[]}
{"level":"info","ts":1791005315.6126652,"caller":"logger/logger.go:23","msg":"request data","uri":"/updates/","method":"POST","time":0.020197625,"statusCode":200,"bytes":23,"Content-Encoding":[]}
{"level":"info","ts":1791005315.6132338,"caller":"logger/logger.go:23","msg":"request data","uri":"/updates/","method":"POST","time":0.019870125,"statusCode":200,"bytes":23,"Content-Encoding":[]}
{"level":"info","ts":1791005315.613864,"caller":"logger/logger.go:23","msg":"request data","uri":"/updates/","method":"POST","time":0.019942833,"statusCode":200,"bytes":23,"Content-Encoding":[]}
{"level":"info","ts":1791005315.6148758,"caller":"logger/logger.go:23","msg":"request data","uri":"/updates/","method":"POST","time":0.020238875,"statusCode":200,"bytes":23,"Content-Encoding":[]}
{"level":"info","ts":1791005315.615401,"caller":"logger/logger.go:23","msg":"request data","uri":"/updates/","method":"POST","time":0.020164125,"statusCode":200,"bytes":23,"Content-Encoding":[]}
{"level":"info","ts":1791005315.616099,"caller":"logger/logger.go:23","msg":"request data","uri":"/updates/","method":"POST","time":0.020035416,"statusCode":200,"bytes":23,"Content-Encoding":[]}
{"level":"info","ts":1791005315.616689,"caller":"logger/logger.go:23","msg":"request data","uri":"/updates/","method":"POST","time":0.020046541,"statusCode":200,"bytes":23,"Content-Encoding":[]}
{"level":"info","ts":1791005315.617235,"caller":"logger/logger.go:23","msg":"request data","uri":"/updates/","method":"POST","time":0.019847708,"statusCode":200,"bytes":23,"Content-Encoding":[]}
{"level":"info","ts":1791005315.617919,"caller":"logger/logger.go:23","msg":"request data","uri":"/updates/","method":"POST","time":0.019924333,"statusCode":200,"bytes":23,"Content-Encoding":[]}
{"level":"info","ts":1791005315.618454,"caller":"logger/logger.go:23","msg":"request data","uri":"/updates/","method":"POST","time":0.019869208,"statusCode":200,"bytes":23,"Content-Encoding":[]}
{"level":"info","ts":1791005315.619178,"caller":"logger/logger.go:23","msg":"request data","uri":"/updates/","method":"POST","time":0.019804833,"statusCode":200,"bytes":23,"Content-Encoding":[]}
{"level":"info","ts":1791005315.6197069,"caller":"logger/logger.go:23","msg":"request data","uri":"/updates/","method":"POST","time":0.019731,"statusCode":200,"bytes":23,"Content-Encoding":[]}
{"level":"info","ts":1791005315.6204128,"caller":"logger/logger.go:23","msg":"request data","uri":"/updates/","method":"POST","time":0.019656333,"statusCode":200,"bytes":23,"Content-Encoding":[]}
{"level":"info","ts":1791005315.620973,"caller":"logger/logger.go:23","msg":"request data","uri":"/updates/","method":"POST","time":0.019560334,"statusCode":200,"bytes":23,"Content-Encoding":[]}
{"level":"info","ts":1791005315.621679,"caller":"logger/logger.go:23","msg":"request data","uri":"/updates/","method":"POST","time":0.019505458,"statusCode":200,"bytes":23,"Content-Encoding":[]}
{"level":"info","ts":1791005315.6222,"caller":"logger/logger.go:23","msg":"request data","uri":"/updates/","method":"POST","time":0.017729416,"statusCode":200,"bytes":23,"Content-Encoding":[]}
{"level":"info","ts":1791005315.622834,"caller":"logger/logger.go:23","msg":"request data","uri":"/updates/","method":"POST","time":0.016515792,"statusCode":200,"bytes":23,"Content-Encoding":[]}
{"level":"info","ts":1791005315.623543,"caller":"logger/logger.go:23","msg":"request data","uri":"/updates/","method":"POST","time":0.016578,"statusCode":200,"bytes":23,"Content-Encoding":[]}
{"level":"info","ts":1791005315.6241071,"caller":"logger/logger.go:23","msg":"request data","uri":"/updates/","method":"POST","time":0.016583708,"statusCode":200,"bytes":23,"Content-Encoding":[]}
{"level":"info","ts":1791005315.6248891,"caller":"logger/logger.go:23","msg":"request data","uri":"/updates/","method":"POST","time":0.012561166,"statusCode":200,"bytes":23,"Content-Encoding":[]}
{"level":"info","ts":1791005315.625482,"caller":"logger/logger.go:23","msg":"request data","uri":"/updates/","method":"POST","time":0.012719917,"statusCode":200,"bytes":23,"Content-Encoding":[]}
{"level":"info","ts":1791005315.626658,"caller":"logger/logger.go:23","msg":"request data","uri":"/updates/","method":"POST","time":0.013321042,"statusCode":200,"bytes":23,"Content-Encoding":[]}
{"level":"info","ts":1791005315.627258,"caller":"logger/logger.go:23","msg":"request data","uri":"/updates/","method":"POST","time":0.013238625,"statusCode":200,"bytes":23,"Content-Encoding":[]}
{"level":"info","ts":1791005315.6279402,"caller":"logger/logger.go:23","msg":"request data","uri":"/updates/","method":"POST","time":0.012931209,"statusCode":200,"bytes":23,"Content-Encoding":[]}
{"level":"info","ts":1791005315.628557,"caller":"logger/logger.go:23","msg":"request data","uri":"/updates/","method":"POST","time":0.013039583,"statusCode":200,"bytes":23,"Content-Encoding":[]}
{"level":"info","ts":1791005315.629205,"caller":"logger/logger.go:23","msg":"request data","uri":"/updates/","method":"POST","time":0.01298525,"statusCode":200,"bytes":23,"Content-Encoding":[]}
{"level":"info","ts":1791005315.6299589,"caller":"logger/logger.go:23","msg":"request data","uri":"/updates/","method":"POST","time":0.013137083,"statusCode":200,"bytes":23,"Content-Encoding":[]}
{"level":"info","ts":1791005315.630504,"caller":"logger/logger.go:23","msg":"request data","uri":"/updates/","method":"POST","time":0.013145375,"statusCode":200,"bytes":23,"Content-Encoding":[]}
{"level":"info","ts":1791005315.631189,"caller":"logger/logger.go:23","msg":"request data","uri":"/updates/","method":"POST","time":0.0131375,"statusCode":200,"bytes":23,"Content-Encoding":[]}
{"level":"info","ts":1791005315.631726,"caller":"logger/logger.go:23","msg":"request data","uri":"/updates/","method":"POST","time":0.01313975,"statusCode":200,"bytes":23,"Content-Encoding":[]}
{"level":"info","ts":1791005315.632403,"caller":"logger/logger.go:23","msg":"request data","uri":"/updates/","method":"POST","time":0.013098583,"statusCode":200,"bytes":23,"Content-Encoding":[]}
{"level":"info","ts":1791005315.63297,"caller":"logger/logger.go:23","msg":"request data","uri":"/updates/","method":"POST","time":0.013137083,"statusCode":200,"bytes":23,"Content-Encoding":[]}
{"level":"info","ts":1791005315.633708,"caller":"logger/logger.go:23","msg":"request data","uri":"/updates/","method":"POST","time":0.0131765,"statusCode":200,"bytes":23,"Content-Encoding":[]}
{"level":"info","ts":1791005315.634271,"caller":"logger/logger.go:23","msg":"request data","uri":"/updates/","method":"POST","time":0.013172,"statusCode":200,"bytes":23,"Content-Encoding":[]}
{"level":"info","ts":1791005315.634794,"caller":"logger/logger.go:23","msg":"request data","uri":"/updates/","method":"POST","time":0.012982833,"statusCode":200,"bytes":23,"Content-Encoding":[]}
{"level":"info","ts":1791005315.635493,"caller":"logger/logger.go:23","msg":"request data","uri":"/updates/","method":"POST","time":0.013169542,"statusCode":200,"bytes":23,"Content-Encoding":[]}
{"level":"info","ts":1791005315.636079,"caller":"logger/logger.go:23","msg":"request data","uri":"/updates/","method":"POST","time":0.013118958,"statusCode":200,"bytes":23,"Content-Encoding":[]}
{"level":"info","ts":1791005315.6368299,"caller":"logger/logger.go:23","msg":"request data","uri":"/updates/","method":"POST","time":0.0131465,"statusCode":200,"bytes":23,"Content-Encoding":[]}
{"level":"info","ts":1791005315.637407,"caller":"logger/logger.go:23","msg":"request data","uri":"/updates/","method":"POST","time":0.013159042,"statusCode":200,"bytes":23,"Content-Encoding":[]}
{"level":"info","ts":1791005315.638114,"caller":"logger/logger.go:23","msg":"request data","uri":"/updates/","method":"POST","time":0.013092875,"statusCode":200,"bytes":23,"Content-Encoding":[]}
{"level":"info","ts":1791005315.638628,"caller":"logger/logger.go:23","msg":"request data","uri":"/updates/","method":"POST","time":0.012609167,"statusCode":200,"bytes":23,"Content-Encoding":[]}
{"level":"info","ts":1791005315.639329,"caller":"logger/logger.go:23","msg":"request data","uri":"/updates/","method":"POST","time":0.012504042,"statusCode":200,"bytes":23,"Content-Encoding":[]}
{"level":"info","ts":1791005315.639873,"caller":"logger/logger.go:23","msg":"request data","uri":"/updates/","method":"POST","time":0.012476125,"statusCode":200,"bytes":23,"Content-Encoding":[]}
{"level":"info","ts":1791005315.6404061,"caller":"logger/logger.go:23","msg":"request data","uri":"/updates/","method":"POST","time":0.012328917,"statusCode":200,"bytes":23,"Content-Encoding":[]}
{"level":"info","ts":1791005315.6410801,"caller":"logger/logger.go:23","msg":"request data","uri":"/updates/","method":"POST","time":0.012368916,"statusCode":200,"bytes":23,"Content-Encoding":[]}
{"level":"info","ts":1791005315.6416461,"caller":"logger/logger.go:23","msg":"request data","uri":"/updates/","method":"POST","time":0.012293167,"statusCode":200,"bytes":23,"Content-Encoding":[]}
{"level":"info","ts":1791005315.6423,"caller":"logger/logger.go:23","msg":"request data","uri":"/updates/","method":"POST","time":0.012217334,"statusCode":200,"bytes":23,"Content-Encoding":[]}
{"level":"info","ts":1791005315.642858,"caller":"logger/logger.go:23","msg":"request data","uri":"/updates/","method":"POST","time":0.012221417,"statusCode":200,"bytes":23,"Content-Encoding":[]}
{"level":"info","ts":1791005315.6435452,"caller":"logger/logger.go:23","msg":"request data","uri":"/updates/","method":"POST","time":0.012241709,"statusCode":200,"bytes":23,"Content-Encoding":[]}
{"level":"info","ts":1791005315.6440918,"caller":"logger/logger.go:23","msg":"request data","uri":"/updates/","method":"POST","time":0.012254792,"statusCode":200,"bytes":23,"Content-Encoding":[]}
{"level":"info","ts":1791005315.6447418,"caller":"logger/logger.go:23","msg":"request data","uri":"/updates/","method":"POST","time":0.012201375,"statusCode":200,"bytes":23,"Content-Encoding":[]}
{"level":"info","ts":1791005315.6452491,"caller":"logger/logger.go:23","msg":"request data","uri":"/updates/","method":"POST","time":0.012155834,"statusCode":200,"bytes":23,"Content-Encoding":[]}
{"level":"info","ts":1791005315.645838,"caller":"logger/logger.go:23","msg":"request data","uri":"/updates/","method":"POST","time":0.012012666,"statusCode":200,"bytes":23,"Content-Encoding":[]}
{"level":"info","ts":1791005315.6464581,"caller":"logger/logger.go:23","msg":"request data","uri":"/updates/","method":"POST","time":0.01207225,"statusCode":200,"bytes":23,"Content-Encoding":[]}
{"level":"info","ts":1791005315.647022,"caller":"logger/logger.go:23","msg":"request data","uri":"/updates/","method":"POST","time":0.012102084,"statusCode":200,"bytes":23,"Content-Encoding":[]}
{"level":"info","ts":1791005315.647743,"caller":"logger/logger.go:23","msg":"request data","uri":"/updates/","method":"POST","time":0.012123417,"statusCode":200,"bytes":23,"Content-Encoding":[]}
{"level":"info","ts":1791005315.6483042,"caller":"logger/logger.go:23","msg":"request data","uri":"/updates/","method":"POST","time":0.012109833,"statusCode":200,"bytes":23,"Content-Encoding":[]}
{"level":"info","ts":1791005315.648981,"caller":"logger/logger.go:23","msg":"request data","uri":"/updates/","method":"POST","time":0.012027,"statusCode":200,"bytes":23,"Content-Encoding":[]}
{"level":"info","ts":1791005315.6495202,"caller":"logger/logger.go:23","msg":"request data","uri":"/updates/","method":"POST","time":0.011998209,"statusCode":200,"bytes":23,"Content-Encoding":[]}
{"level":"info","ts":1791005315.650385,"caller":"logger/logger.go:23","msg":"request data","uri":"/updates/","method":"POST","time":0.012148125,"statusCode":200,"bytes":23,"Content-Encoding":[]}
{"level":"info","ts":1791005315.651316,"caller":"logger/logger.go:23","msg":"request data","uri":"/updates/","method":"POST","time":0.012581417,"statusCode":200,"bytes":23,"Content-Encoding":[]}
{"level":"info","ts":1791005315.6518989,"caller":"logger/logger.go:23","msg":"request data","uri":"/updates/","method":"POST","time":0.012474958,"statusCode":200,"bytes":23,"Content-Encoding":[]}
{"level":"info","ts":1791005315.6526048,"caller":"logger/logger.go:23","msg":"request data","uri":"/updates/","method":"POST","time":0.012616334,"statusCode":200,"bytes":23,"Content-Encoding":[]}
{"level":"info","ts":1791005315.653232,"caller":"logger/logger.go:23","msg":"request data","uri":"/updates/","method":"POST","time":0.01273225,"statusCode":200,"bytes":23,"Content-Encoding":[]}
{"level":"info","ts":1791005315.653882,"caller":"logger/logger.go:23","msg":"request data","uri":"/updates/","method":"POST","time":0.012690042,"statusCode":200,"bytes":23,"Content-Encoding":[]}
{"level":"info","ts":1791005315.6544828,"caller":"logger/logger.go:23","msg":"request data","uri":"/updates/","method":"POST","time":0.012715875,"statusCode":200,"bytes":23,"Content-Encoding":[]}
{"level":"info","ts":1791005315.655467,"caller":"logger/logger.go:23","msg":"request data","uri":"/updates/","method":"POST","time":0.013054916,"statusCode":200,"bytes":23,"Content-Encoding":[]}
{"level":"info","ts":1791005315.655992,"caller":"logger/logger.go:23","msg":"request data","uri":"/updates/","method":"POST","time":0.013018541,"statusCode":200,"bytes":23,"Content-Encoding":[]}
{"level":"info","ts":1791005315.6566,"caller":"logger/logger.go:23","msg":"request data","uri":"/updates/","method":"POST","time":0.012924625,"statusCode":200,"bytes":23,"Content-Encoding":[]}
{"level":"info","ts":1791005315.657093,"caller":"logger/logger.go:23","msg":"request data","uri":"/updates/","method":"POST","time":0.012887583,"statusCode":200,"bytes":23,"Content-Encoding":[]}
{"level":"info","ts":1791005315.657588,"caller":"logger/logger.go:23","msg":"request data","uri":"/updates/","method":"POST","time":0.012707792,"statusCode":200,"bytes":23,"Content-Encoding":[]}
{"level":"info","ts":1791005315.658198,"caller":"logger/logger.go:23","msg":"request data","uri":"/updates/","method":"POST","time":0.012820834,"statusCode":200,"bytes":23,"Content-Encoding":[]}
{"level":"info","ts":1791005315.658766,"caller":"logger/logger.go:23","msg":"request data","uri":"/updates/","method":"POST","time":0.012805333,"statusCode":200,"bytes":23,"Content-Encoding":[]}
{"level":"info","ts":1791005315.659457,"caller":"logger/logger.go:23","msg":"request data","uri":"/updates/","method":"POST","time":0.012883417,"statusCode":200,"bytes":23,"Content-Encoding":[]}
{"level":"info","ts":1791005315.6599429,"caller":"logger/logger.go:23","msg":"request data","uri":"/updates/","method":"POST","time":0.012819167,"statusCode":200,"bytes":23,"Content-Encoding":[]}
{"level":"info","ts":1791005315.660594,"caller":"logger/logger.go:23","msg":"request data","uri":"/updates/","method":"POST","time":0.012736333,"statusCode":200,"bytes":23,"Content-Encoding":[]}
{"level":"info","ts":1791005315.661083,"caller":"logger/logger.go:23","msg":"request data","uri":"/updates/","method":"POST","time":0.012659625,"statusCode":200,"bytes":23,"Content-Encoding":[]}
{"level":"info","ts":1791005315.6616929,"caller":"logger/logger.go:23","msg":"request data","uri":"/updates/","method":"POST","time":0.01258725,"statusCode":200,"bytes":23,"Content-Encoding":[]}
{"level":"info","ts":1791005315.6621912,"caller":"logger/logger.go:23","msg":"request data","uri":"/updates/","method":"POST","time":0.01256475,"statusCode":200,"bytes":23,"Content-Encoding":[]}
{"level":"info","ts":1791005315.6626828,"caller":"logger/logger.go:23","msg":"request data","uri":"/updates/","method":"POST","time":0.011922916,"statusCode":200,"bytes":23,"Content-Encoding":[]}
{"level":"info","ts":1791005315.663438,"caller":"logger/logger.go:23","msg":"request data","uri":"/updates/","method":"POST","time":0.011982208,"statusCode":200,"bytes":23,"Content-Encoding":[]}
{"level":"info","ts":1791005315.663933,"caller":"logger/logger.go:23","msg":"request data","uri":"/updates/","method":"POST","time":0.011887459,"statusCode":200,"bytes":23,"Content-Encoding":[]}
{"level":"info","ts":1791005315.664614,"caller":"logger/logger.go:23","msg":"request data","uri":"/updates/","method":"POST","time":0.011848625,"statusCode":200,"bytes":23,"Content-Encoding":[]}
{"level":"info","ts":1791005315.66512,"caller":"logger/logger.go:23","msg":"request data","uri":"/updates/","method":"POST","time":0.011722333,"statusCode":200,"bytes":23,"Content-Encoding":[]}
{"level":"info","ts":1791005315.665681,"caller":"logger/logger.go:23","msg":"request data","uri":"/updates/","method":"POST","time":0.011670542,"statusCode":200,"bytes":23,"Content-Encoding":[]}
{"level":"info","ts":1791005315.666162,"caller":"logger/logger.go:23","msg":"request data","uri":"/updates/","method":"POST","time":0.011567834,"statusCode":200,"bytes":23,"Content-Encoding":[]}
{"level":"info","ts":1791005315.666761,"caller":"logger/logger.go:23","msg":"request data","uri":"/updates/","method":"POST","time":0.011186542,"statusCode":200,"bytes":23,"Content-Encoding":[]}
{"level":"info","ts":1791005315.667295,"caller":"logger/logger.go:23","msg":"request data","uri":"/updates/","method":"POST","time":0.011191625,"statusCode":200,"bytes":23,"Content-Encoding":[]}
{"level":"info","ts":1791005315.667809,"caller":"logger/logger.go:23","msg":"request data","uri":"/updates/","method":"POST","time":0.011090875,"statusCode":200,"bytes":23,"Content-Encoding":[]}
{"level":"info","ts":1791005315.668421,"caller":"logger/logger.go:23","msg":"request data","uri":"/updates/","method":"POST","time":0.011222625,"statusCode":200,"bytes":23,"Content-Encoding":[]}
{"level":"info","ts":1791005315.6689029,"caller":"logger/logger.go:23","msg":"request data","uri":"/updates/","method":"POST","time":0.011209833,"statusCode":200,"bytes":23,"Content-Encoding":[]}
{"level":"info","ts":1791005315.669587,"caller":"logger/logger.go:23","msg":"request data","uri":"/updates/","method":"POST","time":0.011287042,"statusCode":200,"bytes":23,"Content-Encoding":[]}
{"level":"info","ts":1791005315.670084,"caller":"logger/logger.go:23","msg":"request data","uri":"/updates/","method":"POST","time":0.011200834,"statusCode":200,"bytes":23,"Content-Encoding":[]}
{"level":"info","ts":1791005315.733221,"caller":"logger/logger.go:23","msg":"request data","uri":"/updates/","method":"POST","time":0.015650125,"statusCode":200,"bytes":23,"Content-Encoding":[]}
{"level":"info","ts":1791005315.79043,"caller":"logger/logger.go:23","msg":"request data","uri":"/updates/","method":"POST","time":0.0127145,"statusCode":200,"bytes":23,"Content-Encoding":[]}
{"level":"info","ts":1791005315.873375,"caller":"logger/logger.go:23","msg":"request data","uri":"/updates/","method":"POST","time":0.011026292,"statusCode":200,"bytes":23,"Content-Encoding":[]}
{"level":"info","ts":1791005315.930023,"caller":"logger/logger.go:23","msg":"request data","uri":"/updates/","method":"POST","time":0.011642125,"statusCode":200,"bytes":23,"Content-Encoding":[]}
{"level":"info","ts":1791005315.987639,"caller":"logger/logger.go:23","msg":"request data","uri":"/updates/","method":"POST","time":0.011502084,"statusCode":200,"bytes":23,"Content-Encoding":[]}
{"level":"info","ts":1791005316.045214,"caller":"logger/logger.go:23","msg":"request data","uri":"/updates/","method":"POST","time":0.011047625,"statusCode":200,"bytes":23,"Content-Encoding":[]}
2026/10/03 10:28:36 DB STATS: open=21 in_use=2 idle=19 wait_count=0 wait_duration=0s max_open=0
{"level":"info","ts":1791005316.102143,"caller":"logger/logger.go:23","msg":"request data","uri":"/updates/","method":"POST","time":0.010480375,"statusCode":200,"bytes":23,"Content-Encoding":[]}
{"level":"info","ts":1791005316.158255,"caller":"logger/logger.go:23","msg":"request data","uri":"/updates/","method":"POST","time":0.008225292,"statusCode":200,"bytes":23,"Content-Encoding":[]}
2026/10/03 10:28:37 DB STATS: open=21 in_use=1 idle=20 wait_count=0 wait_duration=0s max_open=0
2026/10/03 10:28:38 DB STATS: open=21 in_use=1 idle=20 wait_count=0 wait_duration=0s max_open=0
2026/10/03 10:28:39 DB STATS: open=21 in_use=1 idle=20 wait_count=0 wait_duration=0s max_open=0
2026/10/03 10:28:40 DB STATS: open=21 in_use=1 idle=20 wait_count=0 wait_duration=0s max_open=0
2026/10/03 10:28:41 DB STATS: open=21 in_use=1 idle=20 wait_count=0 wait_duration=0s max_open=0
2026/10/03 10:28:42 DB STATS: open=21 in_use=1 idle=20 wait_count=0 wait_duration=0s max_open=0
2026/10/03 10:28:43 DB STATS: open=21 in_use=1 idle=20 wait_count=0 wait_duration=0s max_open=0
2026/10/03 10:28:44 DB STATS: open=21 in_use=1 idle=20 wait_count=0 wait_duration=0s max_open=0
2026/10/03 10:28:45 DB STATS: open=21 in_use=1 idle=20 wait_count=0 wait_duration=0s max_open=0
2026/10/03 10:28:46 DB STATS: open=21 in_use=1 idle=20 wait_count=0 wait_duration=0s max_open=0
2026/10/03 10:28:47 DB STATS: open=21 in_use=1 idle=20 wait_count=0 wait_duration=0s max_open=0
2026/10/03 10:28:48 DB STATS: open=21 in_use=1 idle=20 wait_count=0 wait_duration=0s max_open=0
2026/10/03 10:28:49 DB STATS: open=21 in_use=1 idle=20 wait_count=0 wait_duration=0s max_open=0
2026/10/03 10:28:50 DB STATS: open=21 in_use=1 idle=20 wait_count=0 wait_duration=0s max_open=0
2026/10/03 10:28:51 DB STATS: open=21 in_use=1 idle=20 wait_count=0 wait_duration=0s max_open=0
2026/10/03 10:28:52 DB STATS: open=21 in_use=1 idle=20 wait_count=0 wait_duration=0s max_open=0
2026/10/03 10:28:53 DB STATS: open=21 in_use=1 idle=20 wait_count=0 wait_duration=0s max_open=0
2026/10/03 10:28:54 DB STATS: open=21 in_use=1 idle=20 wait_count=0 wait_duration=0s max_open=0
2026/10/03 10:28:55 DB STATS: open=21 in_use=1 idle=20 wait_count=0 wait_duration=0s max_open=0
2026/10/03 10:28:56 DB STATS: open=21 in_use=1 idle=20 wait_count=0 wait_duration=0s max_open=0
2026/10/03 10:28:57 DB STATS: open=21 in_use=1 idle=20 wait_count=0 wait_duration=0s max_open=0
2026/10/03 10:28:58 DB STATS: open=21 in_use=1 idle=20 wait_count=0 wait_duration=0s max_open=0
2026/10/03 10:28:59 DB STATS: open=21 in_use=1 idle=20 wait_count=0 wait_duration=0s max_open=0
2026/10/03 10:29:00 DB STATS: open=21 in_use=1 idle=20 wait_count=0 wait_duration=0s max_open=0
2026/10/03 10:29:01 DB STATS: open=21 in_use=1 idle=20 wait_count=0 wait_duration=0s max_open=0
2026/10/03 10:29:02 DB STATS: open=21 in_use=1 idle=20 wait_count=0 wait_duration=0s max_open=0
2026/10/03 10:29:03 DB STATS: open=21 in_use=1 idle=20 wait_count=0 wait_duration=0s max_open=0
2026/10/03 10:29:04 DB STATS: open=21 in_use=1 idle=20 wait_count=0 wait_duration=0s max_open=0
2026/10/03 10:29:05 DB STATS: open=21 in_use=1 idle=20 wait_count=0 wait_duration=0s max_open=0
2026/10/03 10:29:06 DB STATS: open=21 in_use=1 idle=20 wait_count=0 wait_duration=0s max_open=0
2026/10/03 10:29:07 DB STATS: open=21 in_use=1 idle=20 wait_count=0 wait_duration=0s max_open=0
2026/10/03 10:29:08 DB STATS: open=21 in_use=1 idle=20 wait_count=0 wait_duration=0s max_open=0
2026/10/03 10:29:09 DB STATS: open=21 in_use=1 idle=20 wait_count=0 wait_duration=0s max_open=0
2026/10/03 10:29:10 DB STATS: open=21 in_use=1 idle=20 wait_count=0 wait_duration=0s max_open=0
2026/10/03 10:29:11 DB STATS: open=21 in_use=1 idle=20 wait_count=0 wait_duration=0s max_open=0
2026/10/03 10:29:12 DB STATS: open=21 in_use=1 idle=20 wait_count=0 wait_duration=0s max_open=0
2026/10/03 10:29:13 DB STATS: open=21 in_use=1 idle=20 wait_count=0 wait_duration=0s max_open=0
2026/10/03 10:29:14 DB STATS: open=21 in_use=1 idle=20 wait_count=0 wait_duration=0s max_open=0
2026/10/03 10:29:15 DB STATS: open=21 in_use=1 idle=20 wait_count=0 wait_duration=0s max_open=0
2026/10/03 10:29:16 DB STATS: open=21 in_use=1 idle=20 wait_count=0 wait_duration=0s max_open=0
2026/10/03 10:29:17 DB STATS: open=21 in_use=1 idle=20 wait_count=0 wait_duration=0s max_open=0
2026/10/03 10:29:18 DB STATS: open=21 in_use=1 idle=20 wait_count=0 wait_duration=0s max_open=0
2026/10/03 10:29:19 DB STATS: open=21 in_use=1 idle=20 wait_count=0 wait_duration=0s max_open=0
2026/10/03 10:29:20 DB STATS: open=21 in_use=1 idle=20 wait_count=0 wait_duration=0s max_open=0
2026/10/03 10:29:21 DB STATS: open=21 in_use=1 idle=20 wait_count=0 wait_duration=0s max_open=0
2026/10/03 10:29:22 DB STATS: open=21 in_use=1 idle=20 wait_count=0 wait_duration=0s max_open=0
2026/10/03 10:29:23 DB STATS: open=21 in_use=1 idle=20 wait_count=0 wait_duration=0s max_open=0
2026/10/03 10:29:24 DB STATS: open=21 in_use=1 idle=20 wait_count=0 wait_duration=0s max_open=0
2026/10/03 10:29:25 DB STATS: open=21 in_use=1 idle=20 wait_count=0 wait_duration=0s max_open=0
2026/10/03 10:29:26 DB STATS: open=21 in_use=1 idle=20 wait_count=0 wait_duration=0s max_open=0
2026/10/03 10:29:27 DB STATS: open=21 in_use=1 idle=20 wait_count=0 wait_duration=0s max_open=0
2026/10/03 10:29:28 DB STATS: open=21 in_use=1 idle=20 wait_count=0 wait_duration=0s max_open=0
2026/10/03 10:29:29 DB STATS: open=21 in_use=1 idle=20 wait_count=0 wait_duration=0s max_open=0
2026/10/03 10:29:30 DB STATS: open=21 in_use=1 idle=20 wait_count=0 wait_duration=0s max_open=0
2026/10/03 10:29:31 DB STATS: open=21 in_use=1 idle=20 wait_count=0 wait_duration=0s max_open=0
2026/10/03 10:29:32 DB STATS: open=21 in_use=1 idle=20 wait_count=0 wait_duration=0s max_open=0
2026/10/03 10:29:33 DB STATS: open=21 in_use=1 idle=20 wait_count=0 wait_duration=0s max_open=0
2026/10/03 10:29:34 DB STATS: open=21 in_use=1 idle=20 wait_count=0 wait_duration=0s max_open=0
2026/10/03 10:29:35 DB STATS: open=21 in_use=1 idle=20 wait_count=0 wait_duration=0s max_open=0
2026/10/03 10:29:36 DB STATS: open=21 in_use=1 idle=20 wait_count=0 wait_duration=0s max_open=0
2026/10/03 10:29:37 DB STATS: open=21 in_use=1 idle=20 wait_count=0 wait_duration=0s max_open=0
2026/10/03 10:29:38 DB STATS: open=21 in_use=1 idle=20 wait_count=0 wait_duration=0s max_open=0
2026/10/03 10:29:39 DB STATS: open=21 in_use=1 idle=20 wait_count=0 wait_duration=0s max_open=0
2026/10/03 10:29:40 DB STATS: open=21 in_use=1 idle=20 wait_count=0 wait_duration=0s max_open=0
2026/10/03 10:29:41 DB STATS: open=21 in_use=1 idle=20 wait_count=0 wait_duration=0s max_open=0
2026/10/03 10:29:42 DB STATS: open=21 in_use=1 idle=20 wait_count=0 wait_duration=0s max_open=0
2026/10/03 10:29:43 DB STATS: open=21 in_use=1 idle=20 wait_count=0 wait_duration=0s max_open=0
2026/10/03 10:29:44 DB STATS: open=21 in_use=1 idle=20 wait_count=0 wait_duration=0s max_open=0
2026/10/03 10:29:45 DB STATS: open=21 in_use=1 idle=20 wait_count=0 wait_duration=0s max_open=0
2026/10/03 10:29:46 DB STATS: open=21 in_use=1 idle=20 wait_count=0 wait_duration=0s max_open=0
2026/10/03 10:29:47 DB STATS: open=21 in_use=1 idle=20 wait_count=0 wait_duration=0s max_open=0
2026/10/03 10:29:48 DB STATS: open=21 in_use=1 idle=20 wait_count=0 wait_duration=0s max_open=0
2026/10/03 10:29:49 DB STATS: open=21 in_use=1 idle=20 wait_count=0 wait_duration=0s max_open=0
2026/10/03 10:29:50 DB STATS: open=21 in_use=1 idle=20 wait_count=0 wait_duration=0s max_open=0
2026/10/03 10:29:51 DB STATS: open=21 in_use=1 idle=20 wait_count=0 wait_duration=0s max_open=0
2026/10/03 10:29:52 DB STATS: open=21 in_use=1 idle=20 wait_count=0 wait_duration=0s max_open=0
2026/10/03 10:29:53 DB STATS: open=21 in_use=1 idle=20 wait_count=0 wait_duration=0s max_open=0
2026/10/03 10:29:54 DB STATS: open=21 in_use=1 idle=20 wait_count=0 wait_duration=0s max_open=0
2026/10/03 10:29:55 DB STATS: open=21 in_use=1 idle=20 wait_count=0 wait_duration=0s max_open=0
2026/10/03 10:29:56 DB STATS: open=21 in_use=1 idle=20 wait_count=0 wait_duration=0s max_open=0
2026/10/03 10:29:57 DB STATS: open=21 in_use=1 idle=20 wait_count=0 wait_duration=0s max_open=0
2026/10/03 10:29:58 DB STATS: open=21 in_use=1 idle=20 wait_count=0 wait_duration=0s max_open=0
2026/10/03 10:29:59 DB STATS: open=21 in_use=1 idle=20 wait_count=0 wait_duration=0s max_open=0
2026/10/03 10:30:00 DB STATS: open=21 in_use=1 idle=20 wait_count=0 wait_duration=0s max_open=0
2026/10/03 10:30:01 DB STATS: open=21 in_use=1 idle=20 wait_count=0 wait_duration=0s max_open=0
2026/10/03 10:30:02 DB STATS: open=21 in_use=1 idle=20 wait_count=0 wait_duration=0s max_open=0
2026/10/03 10:30:03 DB STATS: open=21 in_use=1 idle=20 wait_count=0 wait_duration=0s max_open=0
2026/10/03 10:30:04 DB STATS: open=21 in_use=1 idle=20 wait_count=0 wait_duration=0s max_open=0
2026/10/03 10:30:05 DB STATS: open=21 in_use=1 idle=20 wait_count=0 wait_duration=0s max_open=0
2026/10/03 10:30:06 DB STATS: open=21 in_use=1 idle=20 wait_count=0 wait_duration=0s max_open=0
2026/10/03 10:30:07 DB STATS: open=21 in_use=1 idle=20 wait_count=0 wait_duration=0s max_open=0
2026/10/03 10:30:08 DB STATS: open=21 in_use=1 idle=20 wait_count=0 wait_duration=0s max_open=0
2026/10/03 10:30:09 DB STATS: open=21 in_use=1 idle=20 wait_count=0 wait_duration=0s max_open=0
2026/10/03 10:30:10 DB STATS: open=21 in_use=1 idle=20 wait_count=0 wait_duration=0s max_open=0
2026/10/03 10:30:11 DB STATS: open=21 in_use=1 idle=20 wait_count=0 wait_duration=0s max_open=0
2026/10/03 10:30:12 DB STATS: open=21 in_use=1 idle=20 wait_count=0 wait_duration=0s max_open=0
2026/10/03 10:30:13 DB STATS: open=21 in_use=1 idle=20 wait_count=0 wait_duration=0s max_open=0
2026/10/03 10:30:14 DB STATS: open=21 in_use=1 idle=20 wait_count=0 wait_duration=0s max_open=0
2026/10/03 10:30:15 DB STATS: open=21 in_use=1 idle=20 wait_count=0 wait_duration=0s max_open=0
2026/10/03 10:30:16 DB STATS: open=21 in_use=1 idle=20 wait_count=0 wait_duration=0s max_open=0
2026/10/03 10:30:17 DB STATS: open=21 in_use=1 idle=20 wait_count=0 wait_duration=0s max_open=0
2026/10/03 10:30:18 DB STATS: open=21 in_use=1 idle=20 wait_count=0 wait_duration=0s max_open=0
2026/10/03 10:30:19 DB STATS: open=21 in_use=1 idle=20 wait_count=0 wait_duration=0s max_open=0
2026/10/03 10:30:20 DB STATS: open=21 in_use=1 idle=20 wait_count=0 wait_duration=0s max_open=0
2026/10/03 10:30:21 DB STATS: open=21 in_use=1 idle=20 wait_count=0 wait_duration=0s max_open=0
2026/10/03 10:30:22 DB STATS: open=21 in_use=1 idle=20 wait_count=0 wait_duration=0s max_open=0
2026/10/03 10:30:23 DB STATS: open=21 in_use=1 idle=20 wait_count=0 wait_duration=0s max_open=0
2026/10/03 10:30:24 DB STATS: open=21 in_use=1 idle=20 wait_count=0 wait_duration=0s max_open=0
2026/10/03 10:30:25 DB STATS: open=21 in_use=1 idle=20 wait_count=0 wait_duration=0s max_open=0
2026/10/03 10:30:26 DB STATS: open=21 in_use=1 idle=20 wait_count=0 wait_duration=0s max_open=0
2026/10/03 10:30:27 DB STATS: open=21 in_use=1 idle=20 wait_count=0 wait_duration=0s max_open=0
2026/10/03 10:30:28 DB STATS: open=21 in_use=1 idle=20 wait_count=0 wait_duration=0s max_open=0
2026/10/03 10:30:29 DB STATS: open=21 in_use=1 idle=20 wait_count=0 wait_duration=0s max_open=0
2026/10/03 10:30:30 DB STATS: open=21 in_use=1 idle=20 wait_count=0 wait_duration=0s max_open=0
2026/10/03 10:30:31 DB STATS: open=21 in_use=1 idle=20 wait_count=0 wait_duration=0s max_open=0
2026/10/03 10:30:32 DB STATS: open=21 in_use=1 idle=20 wait_count=0 wait_duration=0s max_open=0
2026/10/03 10:30:33 DB STATS: open=21 in_use=1 idle=20 wait_count=0 wait_duration=0s max_open=0
2026/10/03 10:30:34 DB STATS: open=21 in_use=1 idle=20 wait_count=0 wait_duration=0s max_open=0
2026/10/03 10:30:35 DB STATS: open=21 in_use=1 idle=20 wait_count=0 wait_duration=0s max_open=0
2026/10/03 10:30:36 DB STATS: open=21 in_use=1 idle=20 wait_count=0 wait_duration=0s max_open=0
